as,bs,ag,bg,N0r,N0s,N0g,rhos,rhog,qc0,qi0
200.0,0.3,335.7866465533894,0.4599803368406364,0.5,0.5,0.5,0.2,0.4,0.001,0.0006
200.0,0.3,522.581923446022,0.3082397527095199,0.5,0.5,0.5,0.2,0.4,0.001,0.0006
200.0,0.3,1050.9550415989918,0.248031941729524,0.5,0.5,0.5,0.2,0.4,0.001,0.0006
200.0,0.3,72.61063924455061,0.8626016252029697,0.5,0.5,0.5,0.2,0.4,0.001,0.0006
200.0,0.3,832.5184254406952,0.4892705012404223,0.5,0.5,0.5,0.2,0.4,0.001,0.0006
200.0,0.3,1159.7808428458472,0.4147189912973067,0.5,0.5,0.5,0.2,0.4,0.001,0.0006
200.0,0.3,141.49120697992836,0.381125939531037,0.5,0.5,0.5,0.2,0.4,0.001,0.0006
200.0,0.3,238.18043699585954,0.8865334568271181,0.5,0.5,0.5,0.2,0.4,0.001,0.0006
200.0,0.3,1062.7224118475276,0.49525077448925076,0.5,0.5,0.5,0.2,0.4,0.001,0.0006
200.0,0.3,511.10312728625024,0.4610331704070106,0.5,0.5,0.5,0.2,0.4,0.001,0.0006
200.0,0.3,879.0083757794806,0.29821462754936506,0.5,0.5,0.5,0.2,0.4,0.001,0.0006
200.0,0.3,766.1969452647736,0.21395905269234305,0.5,0.5,0.5,0.2,0.4,0.001,0.0006
200.0,0.3,281.352724842702,0.16497418355895307,0.5,0.5,0.5,0.2,0.4,0.001,0.0006
200.0,0.3,1146.4931390304948,0.14459061571373635,0.5,0.5,0.5,0.2,0.4,0.001,0.0006
200.0,0.3,739.4669559737503,0.678398104394786,0.5,0.5,0.5,0.2,0.4,0.001,0.0006
200.0,0.3,1165.8331772695453,0.7572555659297353,0.5,0.5,0.5,0.2,0.4,0.001,0.0006
200.0,0.3,656.6837275552652,0.3651813836349341,0.5,0.5,0.5,0.2,0.4,0.001,0.0006
200.0,0.3,457.07952492941877,0.16322424100629782,0.5,0.5,0.5,0.2,0.4,0.001,0.0006
200.0,0.3,689.3015374891941,0.23263557031179102,0.5,0.5,0.5,0.2,0.4,0.001,0.0006
200.0,0.3,389.52350569702486,0.7724867881269113,0.5,0.5,0.5,0.2,0.4,0.001,0.0006
200.0,0.3,466.94631082572306,0.3726511820181374,0.5,0.5,0.5,0.2,0.4,0.001,0.0006
200.0,0.3,866.9620058490115,0.125366201222999,0.5,0.5,0.5,0.2,0.4,0.001,0.0006
200.0,0.3,593.2460459509697,0.6852612980844385,0.5,0.5,0.5,0.2,0.4,0.001,0.0006
200.0,0.3,939.198140403238,0.2929958337364151,0.5,0.5,0.5,0.2,0.4,0.001,0.0006
200.0,0.3,402.1266023369925,0.20931971067803457,0.5,0.5,0.5,0.2,0.4,0.001,0.0006
200.0,0.3,735.0960776858552,0.23005509318368464,0.5,0.5,0.5,0.2,0.4,0.001,0.0006
200.0,0.3,972.676296494534,0.5001013217481856,0.5,0.5,0.5,0.2,0.4,0.001,0.0006
200.0,0.3,118.41847405527932,0.4134926207807321,0.5,0.5,0.5,0.2,0.4,0.001,0.0006
200.0,0.3,762.7418273065437,0.25055347463353,0.5,0.5,0.5,0.2,0.4,0.001,0.0006
200.0,0.3,542.0717463892233,0.1711853103551178,0.5,0.5,0.5,0.2,0.4,0.001,0.0006
200.0,0.3,892.525000322019,0.4146394843130112,0.5,0.5,0.5,0.2,0.4,0.001,0.0006
200.0,0.3,445.7568529716373,0.41750778854325077,0.5,0.5,0.5,0.2,0.4,0.001,0.0006
200.0,0.3,69.977829806993,0.4746919972711702,0.5,0.5,0.5,0.2,0.4,0.001,0.0006
200.0,0.3,1077.2380947753943,0.22925152952972355,0.5,0.5,0.5,0.2,0.4,0.001,0.0006
200.0,0.3,1021.1283823919129,0.32005463749345076,0.5,0.5,0.5,0.2,0.4,0.001,0.0006
200.0,0.3,934.0424104387237,0.7672020972694271,0.5,0.5,0.5,0.2,0.4,0.001,0.0006
200.0,0.3,1086.490765353442,0.8774599358855887,0.5,0.5,0.5,0.2,0.4,0.001,0.0006
200.0,0.3,543.3915906106564,0.6488674449494525,0.5,0.5,0.5,0.2,0.4,0.001,0.0006
200.0,0.3,425.21909996388587,0.7379913555885502,0.5,0.5,0.5,0.2,0.4,0.001,0.0006
200.0,0.3,549.7076290262562,0.5081555151597992,0.5,0.5,0.5,0.2,0.4,0.001,0.0006
200.0,0.3,927.82793290452,0.23913532235968465,0.5,0.5,0.5,0.2,0.4,0.001,0.0006
200.0,0.3,570.3123689531169,0.8185530931870004,0.5,0.5,0.5,0.2,0.4,0.001,0.0006
200.0,0.3,842.6755889386928,0.3287760030053686,0.5,0.5,0.5,0.2,0.4,0.001,0.0006
200.0,0.3,533.9930131297051,0.5543365978061454,0.5,0.5,0.5,0.2,0.4,0.001,0.0006
200.0,0.3,1162.7763234314282,0.5485683931251013,0.5,0.5,0.5,0.2,0.4,0.001,0.0006
200.0,0.3,1168.7938430128495,0.23679257401702075,0.5,0.5,0.5,0.2,0.4,0.001,0.0006
200.0,0.3,321.29117072639025,0.5530351916487181,0.5,0.5,0.5,0.2,0.4,0.001,0.0006
200.0,0.3,801.3121831886504,0.871097011277008,0.5,0.5,0.5,0.2,0.4,0.001,0.0006
200.0,0.3,1068.296995574131,0.3945806773317626,0.5,0.5,0.5,0.2,0.4,0.001,0.0006
200.0,0.3,443.1031674017599,0.7805372290065183,0.5,0.5,0.5,0.2,0.4,0.001,0.0006
200.0,0.3,496.9979128810524,0.6331261623545198,0.5,0.5,0.5,0.2,0.4,0.001,0.0006
200.0,0.3,560.0945603194668,0.587152149200006,0.5,0.5,0.5,0.2,0.4,0.001,0.0006
200.0,0.3,952.0845223472152,0.8743807980899627,0.5,0.5,0.5,0.2,0.4,0.001,0.0006
200.0,0.3,479.25823896092317,0.6381794392046135,0.5,0.5,0.5,0.2,0.4,0.001,0.0006
200.0,0.3,978.8320298137385,0.6579681170805229,0.5,0.5,0.5,0.2,0.4,0.001,0.0006
200.0,0.3,977.0495934469536,0.3136188094733936,0.5,0.5,0.5,0.2,0.4,0.001,0.0006
200.0,0.3,416.27639426275977,0.22797171781971867,0.5,0.5,0.5,0.2,0.4,0.001,0.0006
200.0,0.3,988.4856917140285,0.7982193954906132,0.5,0.5,0.5,0.2,0.4,0.001,0.0006
200.0,0.3,999.8119238624186,0.7041707736800382,0.5,0.5,0.5,0.2,0.4,0.001,0.0006
200.0,0.3,644.6864162954172,0.5421571006134996,0.5,0.5,0.5,0.2,0.4,0.001,0.0006
200.0,0.3,691.8534588283155,0.8949748293401059,0.5,0.5,0.5,0.2,0.4,0.001,0.0006
200.0,0.3,1184.516680620592,0.5081450414139412,0.5,0.5,0.5,0.2,0.4,0.001,0.0006
200.0,0.3,919.0220945434039,0.8492761849970011,0.5,0.5,0.5,0.2,0.4,0.001,0.0006
200.0,0.3,857.2541019826921,0.44581939779500745,0.5,0.5,0.5,0.2,0.4,0.001,0.0006
200.0,0.3,190.3526756570504,0.6042294174090305,0.5,0.5,0.5,0.2,0.4,0.001,0.0006
200.0,0.3,932.4859202082006,0.310715992558076,0.5,0.5,0.5,0.2,0.4,0.001,0.0006
200.0,0.3,191.721669796525,0.6781430280985951,0.5,0.5,0.5,0.2,0.4,0.001,0.0006
200.0,0.3,359.8054623301813,0.3116192871768041,0.5,0.5,0.5,0.2,0.4,0.001,0.0006
200.0,0.3,281.49901222357767,0.7863738457980598,0.5,0.5,0.5,0.2,0.4,0.001,0.0006
200.0,0.3,697.216883365533,0.3150658373024947,0.5,0.5,0.5,0.2,0.4,0.001,0.0006
200.0,0.3,599.3418621357795,0.4377141682978869,0.5,0.5,0.5,0.2,0.4,0.001,0.0006
200.0,0.3,749.2104883021774,0.6750315670314817,0.5,0.5,0.5,0.2,0.4,0.001,0.0006
200.0,0.3,581.3464260549732,0.40940438760396136,0.5,0.5,0.5,0.2,0.4,0.001,0.0006
200.0,0.3,111.90983162116198,0.13065606266874755,0.5,0.5,0.5,0.2,0.4,0.001,0.0006
200.0,0.3,263.5046065344135,0.12354390707652207,0.5,0.5,0.5,0.2,0.4,0.001,0.0006
200.0,0.3,881.9954111899604,0.31511565250006035,0.5,0.5,0.5,0.2,0.4,0.001,0.0006
200.0,0.3,1055.3878854412305,0.20633501861951642,0.5,0.5,0.5,0.2,0.4,0.001,0.0006
200.0,0.3,973.328095422076,0.5569519541498024,0.5,0.5,0.5,0.2,0.4,0.001,0.0006
200.0,0.3,933.9490683732746,0.7455662887164562,0.5,0.5,0.5,0.2,0.4,0.001,0.0006
200.0,0.3,453.70290560033584,0.25610864663584015,0.5,0.5,0.5,0.2,0.4,0.001,0.0006
200.0,0.3,332.2022722732815,0.42487153808603173,0.5,0.5,0.5,0.2,0.4,0.001,0.0006
200.0,0.3,1004.5792680361141,0.8494477231349781,0.5,0.5,0.5,0.2,0.4,0.001,0.0006
200.0,0.3,715.6904005944383,0.7424769281069865,0.5,0.5,0.5,0.2,0.4,0.001,0.0006
200.0,0.3,702.9574192963273,0.38418099319232435,0.5,0.5,0.5,0.2,0.4,0.001,0.0006
200.0,0.3,869.2853582036886,0.2738660253186792,0.5,0.5,0.5,0.2,0.4,0.001,0.0006
200.0,0.3,308.489402755152,0.373806130398138,0.5,0.5,0.5,0.2,0.4,0.001,0.0006
200.0,0.3,471.2534384696012,0.4220063418772669,0.5,0.5,0.5,0.2,0.4,0.001,0.0006
200.0,0.3,436.0440453643413,0.44185555653908076,0.5,0.5,0.5,0.2,0.4,0.001,0.0006
200.0,0.3,1034.6256937269309,0.1388774266321538,0.5,0.5,0.5,0.2,0.4,0.001,0.0006
200.0,0.3,217.52591229292906,0.6189716715416118,0.5,0.5,0.5,0.2,0.4,0.001,0.0006
200.0,0.3,961.1531822771212,0.19979790185299048,0.5,0.5,0.5,0.2,0.4,0.001,0.0006
200.0,0.3,497.4804978929736,0.43073621445444127,0.5,0.5,0.5,0.2,0.4,0.001,0.0006
200.0,0.3,541.2222777089072,0.5507368654712816,0.5,0.5,0.5,0.2,0.4,0.001,0.0006
200.0,0.3,785.0449877020008,0.21792647102276172,0.5,0.5,0.5,0.2,0.4,0.001,0.0006
200.0,0.3,285.03137172054545,0.13963311359966452,0.5,0.5,0.5,0.2,0.4,0.001,0.0006
200.0,0.3,204.66431668314104,0.725171033003186,0.5,0.5,0.5,0.2,0.4,0.001,0.0006
200.0,0.3,793.0891496516832,0.36700306680867484,0.5,0.5,0.5,0.2,0.4,0.001,0.0006
200.0,0.3,531.8850025591706,0.8611598761345142,0.5,0.5,0.5,0.2,0.4,0.001,0.0006
200.0,0.3,1085.3039753555074,0.4423524336141557,0.5,0.5,0.5,0.2,0.4,0.001,0.0006
200.0,0.3,656.5559760611494,0.7620508092548968,0.5,0.5,0.5,0.2,0.4,0.001,0.0006
200.0,0.3,1129.9028982306777,0.526850843930057,0.5,0.5,0.5,0.2,0.4,0.001,0.0006
200.0,0.3,659.813767504536,0.4647561878531117,0.5,0.5,0.5,0.2,0.4,0.001,0.0006
200.0,0.3,565.9646998441747,0.23438149280946752,0.5,0.5,0.5,0.2,0.4,0.001,0.0006
200.0,0.3,484.12541576935325,0.8502180022116768,0.5,0.5,0.5,0.2,0.4,0.001,0.0006
200.0,0.3,736.3318123677525,0.5474762936803325,0.5,0.5,0.5,0.2,0.4,0.001,0.0006
200.0,0.3,1124.705854943827,0.5246319673318707,0.5,0.5,0.5,0.2,0.4,0.001,0.0006
200.0,0.3,948.8332762687191,0.6120958862875499,0.5,0.5,0.5,0.2,0.4,0.001,0.0006
200.0,0.3,53.07201185494711,0.5023277217841856,0.5,0.5,0.5,0.2,0.4,0.001,0.0006
200.0,0.3,841.2262368684596,0.13797263225715684,0.5,0.5,0.5,0.2,0.4,0.001,0.0006
200.0,0.3,385.9936103490284,0.6478651676270912,0.5,0.5,0.5,0.2,0.4,0.001,0.0006
200.0,0.3,1035.7386383951368,0.1627994347798003,0.5,0.5,0.5,0.2,0.4,0.001,0.0006
200.0,0.3,518.6180137621415,0.8325857594203646,0.5,0.5,0.5,0.2,0.4,0.001,0.0006
200.0,0.3,397.81072055088276,0.47128248946760193,0.5,0.5,0.5,0.2,0.4,0.001,0.0006
200.0,0.3,872.9993073076471,0.33219124387871946,0.5,0.5,0.5,0.2,0.4,0.001,0.0006
200.0,0.3,896.1261641363361,0.4201912816097513,0.5,0.5,0.5,0.2,0.4,0.001,0.0006
200.0,0.3,409.8390084264686,0.39465301423974586,0.5,0.5,0.5,0.2,0.4,0.001,0.0006
200.0,0.3,218.78545823592546,0.5540812338909612,0.5,0.5,0.5,0.2,0.4,0.001,0.0006
200.0,0.3,1015.9742689889825,0.13859845038837282,0.5,0.5,0.5,0.2,0.4,0.001,0.0006
200.0,0.3,1015.9199890218871,0.6196066292415722,0.5,0.5,0.5,0.2,0.4,0.001,0.0006
200.0,0.3,590.9941518868623,0.8804841751140573,0.5,0.5,0.5,0.2,0.4,0.001,0.0006
200.0,0.3,801.2995591664265,0.238970647924136,0.5,0.5,0.5,0.2,0.4,0.001,0.0006
200.0,0.3,341.0546104017652,0.8126133857188769,0.5,0.5,0.5,0.2,0.4,0.001,0.0006
200.0,0.3,131.1182357218796,0.396329536465994,0.5,0.5,0.5,0.2,0.4,0.001,0.0006
200.0,0.3,742.8727778466637,0.8873938963315398,0.5,0.5,0.5,0.2,0.4,0.001,0.0006
200.0,0.3,1105.7406116752586,0.3261100906178663,0.5,0.5,0.5,0.2,0.4,0.001,0.0006
200.0,0.3,73.3973240487447,0.670476290993145,0.5,0.5,0.5,0.2,0.4,0.001,0.0006
200.0,0.3,1164.921765343407,0.21602881322368309,0.5,0.5,0.5,0.2,0.4,0.001,0.0006
200.0,0.3,58.29108017229218,0.6173664413362381,0.5,0.5,0.5,0.2,0.4,0.001,0.0006
200.0,0.3,1184.0038724716972,0.8437018755837009,0.5,0.5,0.5,0.2,0.4,0.001,0.0006
200.0,0.3,882.7408346993706,0.8042700387151176,0.5,0.5,0.5,0.2,0.4,0.001,0.0006
200.0,0.3,74.10437655433547,0.592014205340031,0.5,0.5,0.5,0.2,0.4,0.001,0.0006
200.0,0.3,80.63495632713104,0.6799852836837039,0.5,0.5,0.5,0.2,0.4,0.001,0.0006
200.0,0.3,655.8474324527537,0.8290258168108648,0.5,0.5,0.5,0.2,0.4,0.001,0.0006
200.0,0.3,366.5917908692765,0.1381873594591231,0.5,0.5,0.5,0.2,0.4,0.001,0.0006
200.0,0.3,92.58526747116431,0.2513459008742075,0.5,0.5,0.5,0.2,0.4,0.001,0.0006
200.0,0.3,802.0430087080847,0.7360225831142719,0.5,0.5,0.5,0.2,0.4,0.001,0.0006
200.0,0.3,626.6337141180663,0.6853347754180397,0.5,0.5,0.5,0.2,0.4,0.001,0.0006
200.0,0.3,1163.519142510037,0.48003674228978704,0.5,0.5,0.5,0.2,0.4,0.001,0.0006
200.0,0.3,675.630144636113,0.8807488903136318,0.5,0.5,0.5,0.2,0.4,0.001,0.0006
200.0,0.3,1110.3643229681588,0.5743792634977459,0.5,0.5,0.5,0.2,0.4,0.001,0.0006
200.0,0.3,1055.5613210776353,0.12670220964538023,0.5,0.5,0.5,0.2,0.4,0.001,0.0006
200.0,0.3,250.6184919851312,0.5213675961706997,0.5,0.5,0.5,0.2,0.4,0.001,0.0006
200.0,0.3,853.2798868357546,0.4187451265334926,0.5,0.5,0.5,0.2,0.4,0.001,0.0006
200.0,0.3,541.9167554139347,0.14023973068784112,0.5,0.5,0.5,0.2,0.4,0.001,0.0006
200.0,0.3,226.03246275967317,0.23078589543792305,0.5,0.5,0.5,0.2,0.4,0.001,0.0006
200.0,0.3,1045.3794167984156,0.5056955031683893,0.5,0.5,0.5,0.2,0.4,0.001,0.0006
200.0,0.3,85.86218071733703,0.5823950180200729,0.5,0.5,0.5,0.2,0.4,0.001,0.0006
200.0,0.3,1136.8333365640779,0.5709463339058293,0.5,0.5,0.5,0.2,0.4,0.001,0.0006
200.0,0.3,733.5232090255766,0.4290521634053781,0.5,0.5,0.5,0.2,0.4,0.001,0.0006
200.0,0.3,720.9889473688752,0.2432615191241534,0.5,0.5,0.5,0.2,0.4,0.001,0.0006
200.0,0.3,769.2679811981602,0.6558959886266704,0.5,0.5,0.5,0.2,0.4,0.001,0.0006
200.0,0.3,798.1253821529925,0.7068004052687937,0.5,0.5,0.5,0.2,0.4,0.001,0.0006
200.0,0.3,789.8635716291184,0.48527552965008347,0.5,0.5,0.5,0.2,0.4,0.001,0.0006
200.0,0.3,628.2528256863682,0.509920994363893,0.5,0.5,0.5,0.2,0.4,0.001,0.0006
200.0,0.3,50.489396369660845,0.6466661041578945,0.5,0.5,0.5,0.2,0.4,0.001,0.0006
200.0,0.3,942.5968869843848,0.7877281126854683,0.5,0.5,0.5,0.2,0.4,0.001,0.0006
200.0,0.3,1159.3466776988275,0.7597963540704015,0.5,0.5,0.5,0.2,0.4,0.001,0.0006
200.0,0.3,900.7222030377802,0.8315207487949565,0.5,0.5,0.5,0.2,0.4,0.001,0.0006
200.0,0.3,525.7139150603562,0.7391247368786212,0.5,0.5,0.5,0.2,0.4,0.001,0.0006
200.0,0.3,1086.6608459300885,0.7816149157368625,0.5,0.5,0.5,0.2,0.4,0.001,0.0006
200.0,0.3,546.3296961071258,0.6552115103781625,0.5,0.5,0.5,0.2,0.4,0.001,0.0006
200.0,0.3,534.9812860043296,0.23728958891263235,0.5,0.5,0.5,0.2,0.4,0.001,0.0006
200.0,0.3,257.92437138080606,0.7933532114036722,0.5,0.5,0.5,0.2,0.4,0.001,0.0006
200.0,0.3,242.11876418286573,0.7697607242198434,0.5,0.5,0.5,0.2,0.4,0.001,0.0006
200.0,0.3,395.0457618243706,0.17109545846371052,0.5,0.5,0.5,0.2,0.4,0.001,0.0006
200.0,0.3,110.3915578786148,0.7718122725873466,0.5,0.5,0.5,0.2,0.4,0.001,0.0006
200.0,0.3,946.5436765222745,0.1630959730747712,0.5,0.5,0.5,0.2,0.4,0.001,0.0006
200.0,0.3,62.33375205584552,0.283610963781231,0.5,0.5,0.5,0.2,0.4,0.001,0.0006
200.0,0.3,408.5397902903316,0.26710393059502835,0.5,0.5,0.5,0.2,0.4,0.001,0.0006
200.0,0.3,392.2660495742646,0.4684155806154966,0.5,0.5,0.5,0.2,0.4,0.001,0.0006
200.0,0.3,741.9287784477289,0.1083539380414048,0.5,0.5,0.5,0.2,0.4,0.001,0.0006
200.0,0.3,544.4911157131978,0.5451382913591983,0.5,0.5,0.5,0.2,0.4,0.001,0.0006
200.0,0.3,1093.1503019950835,0.31526711519087397,0.5,0.5,0.5,0.2,0.4,0.001,0.0006
200.0,0.3,1039.0055353567122,0.5228485707235423,0.5,0.5,0.5,0.2,0.4,0.001,0.0006
200.0,0.3,191.53756470808665,0.7148919300678376,0.5,0.5,0.5,0.2,0.4,0.001,0.0006
200.0,0.3,1158.3089774878156,0.6615567391553137,0.5,0.5,0.5,0.2,0.4,0.001,0.0006
200.0,0.3,1033.0343965384995,0.6084312223016823,0.5,0.5,0.5,0.2,0.4,0.001,0.0006
200.0,0.3,611.3723533320937,0.7155058583581027,0.5,0.5,0.5,0.2,0.4,0.001,0.0006
200.0,0.3,712.4658554225246,0.817959795244305,0.5,0.5,0.5,0.2,0.4,0.001,0.0006
200.0,0.3,499.0308954950364,0.4499695838768163,0.5,0.5,0.5,0.2,0.4,0.001,0.0006
200.0,0.3,317.5879124022225,0.3551707683339608,0.5,0.5,0.5,0.2,0.4,0.001,0.0006
200.0,0.3,402.6619987520995,0.10672524480384729,0.5,0.5,0.5,0.2,0.4,0.001,0.0006
200.0,0.3,631.9235018543737,0.4038819246234595,0.5,0.5,0.5,0.2,0.4,0.001,0.0006
200.0,0.3,888.4477596361198,0.7776270888475226,0.5,0.5,0.5,0.2,0.4,0.001,0.0006
200.0,0.3,471.76649673735886,0.3303328516996188,0.5,0.5,0.5,0.2,0.4,0.001,0.0006
200.0,0.3,559.6403908280582,0.29040577027223574,0.5,0.5,0.5,0.2,0.4,0.001,0.0006
200.0,0.3,124.12586079890875,0.8380476180855984,0.5,0.5,0.5,0.2,0.4,0.001,0.0006
200.0,0.3,1152.4181167016523,0.760414575527956,0.5,0.5,0.5,0.2,0.4,0.001,0.0006
200.0,0.3,1175.9083545128483,0.8336275903561101,0.5,0.5,0.5,0.2,0.4,0.001,0.0006
200.0,0.3,356.8297191657862,0.16969767129759328,0.5,0.5,0.5,0.2,0.4,0.001,0.0006
200.0,0.3,976.15824229045,0.3972128342552614,0.5,0.5,0.5,0.2,0.4,0.001,0.0006
200.0,0.3,511.85637349357484,0.8907613553403294,0.5,0.5,0.5,0.2,0.4,0.001,0.0006
200.0,0.3,883.6854061609719,0.5095000003902891,0.5,0.5,0.5,0.2,0.4,0.001,0.0006
200.0,0.3,1083.1187712073545,0.8083777856034616,0.5,0.5,0.5,0.2,0.4,0.001,0.0006
200.0,0.3,1104.0035423932893,0.4754448228165017,0.5,0.5,0.5,0.2,0.4,0.001,0.0006
200.0,0.3,937.4509898872261,0.37749557124073346,0.5,0.5,0.5,0.2,0.4,0.001,0.0006
200.0,0.3,312.87619046351887,0.548757185705072,0.5,0.5,0.5,0.2,0.4,0.001,0.0006
200.0,0.3,1040.9768465101808,0.8345781340341282,0.5,0.5,0.5,0.2,0.4,0.001,0.0006
200.0,0.3,250.066568371872,0.8734005415449004,0.5,0.5,0.5,0.2,0.4,0.001,0.0006
200.0,0.3,455.0688194919042,0.6456809859611261,0.5,0.5,0.5,0.2,0.4,0.001,0.0006
200.0,0.3,913.810725374206,0.29695384620809406,0.5,0.5,0.5,0.2,0.4,0.001,0.0006
200.0,0.3,762.5781907734446,0.7896124776959748,0.5,0.5,0.5,0.2,0.4,0.001,0.0006
200.0,0.3,620.871232955315,0.8952445264687945,0.5,0.5,0.5,0.2,0.4,0.001,0.0006
200.0,0.3,265.23684554673054,0.8013977164382531,0.5,0.5,0.5,0.2,0.4,0.001,0.0006
200.0,0.3,910.2004489618307,0.43174220340732083,0.5,0.5,0.5,0.2,0.4,0.001,0.0006
200.0,0.3,912.1923101118819,0.5112445678256894,0.5,0.5,0.5,0.2,0.4,0.001,0.0006
200.0,0.3,707.6698216491332,0.5970963829515201,0.5,0.5,0.5,0.2,0.4,0.001,0.0006
200.0,0.3,341.8866243447275,0.7119557845616681,0.5,0.5,0.5,0.2,0.4,0.001,0.0006
200.0,0.3,259.18285588657824,0.2675976477121056,0.5,0.5,0.5,0.2,0.4,0.001,0.0006
200.0,0.3,1035.6098980840748,0.3755233883206523,0.5,0.5,0.5,0.2,0.4,0.001,0.0006
200.0,0.3,855.096466151798,0.3096729681590496,0.5,0.5,0.5,0.2,0.4,0.001,0.0006
200.0,0.3,777.9271059732666,0.6882518217048516,0.5,0.5,0.5,0.2,0.4,0.001,0.0006
200.0,0.3,230.2905675943528,0.8163088733043646,0.5,0.5,0.5,0.2,0.4,0.001,0.0006
200.0,0.3,540.8449149991255,0.5298534703744984,0.5,0.5,0.5,0.2,0.4,0.001,0.0006
200.0,0.3,1099.8860115059297,0.6292877311380516,0.5,0.5,0.5,0.2,0.4,0.001,0.0006
200.0,0.3,794.2534022659066,0.11463163311035274,0.5,0.5,0.5,0.2,0.4,0.001,0.0006
200.0,0.3,1000.326314437755,0.7525527923524222,0.5,0.5,0.5,0.2,0.4,0.001,0.0006
200.0,0.3,1126.3328490364233,0.12011861108775951,0.5,0.5,0.5,0.2,0.4,0.001,0.0006
200.0,0.3,478.07850155844176,0.8847678726501761,0.5,0.5,0.5,0.2,0.4,0.001,0.0006
200.0,0.3,1009.1702183819539,0.5319659700746481,0.5,0.5,0.5,0.2,0.4,0.001,0.0006
200.0,0.3,553.4461936883339,0.17160543486393298,0.5,0.5,0.5,0.2,0.4,0.001,0.0006
200.0,0.3,621.9059746394605,0.8009449153372653,0.5,0.5,0.5,0.2,0.4,0.001,0.0006
200.0,0.3,170.2078748283662,0.5474633881152422,0.5,0.5,0.5,0.2,0.4,0.001,0.0006
200.0,0.3,886.9961486651969,0.2117569851031954,0.5,0.5,0.5,0.2,0.4,0.001,0.0006
200.0,0.3,567.1251175794065,0.39735217330668826,0.5,0.5,0.5,0.2,0.4,0.001,0.0006
200.0,0.3,964.75288367089,0.7861657014028396,0.5,0.5,0.5,0.2,0.4,0.001,0.0006
200.0,0.3,1054.3676361737773,0.6553721840490132,0.5,0.5,0.5,0.2,0.4,0.001,0.0006
200.0,0.3,511.91978247764575,0.4215839699904675,0.5,0.5,0.5,0.2,0.4,0.001,0.0006
200.0,0.3,236.7686712132836,0.44832011620337653,0.5,0.5,0.5,0.2,0.4,0.001,0.0006
200.0,0.3,607.6570759162779,0.3096008746627387,0.5,0.5,0.5,0.2,0.4,0.001,0.0006
200.0,0.3,1018.5491582932468,0.6989323645875647,0.5,0.5,0.5,0.2,0.4,0.001,0.0006
200.0,0.3,96.67546000130757,0.618784797271561,0.5,0.5,0.5,0.2,0.4,0.001,0.0006
200.0,0.3,580.8932901264238,0.6804115743652114,0.5,0.5,0.5,0.2,0.4,0.001,0.0006
200.0,0.3,253.44037311413206,0.2321197298063062,0.5,0.5,0.5,0.2,0.4,0.001,0.0006
200.0,0.3,81.85851875395103,0.37102393499610964,0.5,0.5,0.5,0.2,0.4,0.001,0.0006
200.0,0.3,201.96222200003803,0.6944367462691835,0.5,0.5,0.5,0.2,0.4,0.001,0.0006
200.0,0.3,269.0322489164712,0.8311739608648148,0.5,0.5,0.5,0.2,0.4,0.001,0.0006
200.0,0.3,988.4531184953904,0.6429308499949605,0.5,0.5,0.5,0.2,0.4,0.001,0.0006
200.0,0.3,1104.3267816998364,0.20110647434835283,0.5,0.5,0.5,0.2,0.4,0.001,0.0006
200.0,0.3,50.23513105117984,0.8761743205796575,0.5,0.5,0.5,0.2,0.4,0.001,0.0006
200.0,0.3,749.580266151838,0.8236333429909323,0.5,0.5,0.5,0.2,0.4,0.001,0.0006
200.0,0.3,848.4491271318713,0.4894340478552036,0.5,0.5,0.5,0.2,0.4,0.001,0.0006
200.0,0.3,1058.7377401812755,0.8859275824188699,0.5,0.5,0.5,0.2,0.4,0.001,0.0006
200.0,0.3,852.892344679271,0.5286198210041124,0.5,0.5,0.5,0.2,0.4,0.001,0.0006
200.0,0.3,575.4886084255784,0.5493757265554525,0.5,0.5,0.5,0.2,0.4,0.001,0.0006
200.0,0.3,749.4508584883863,0.7281413768439605,0.5,0.5,0.5,0.2,0.4,0.001,0.0006
200.0,0.3,974.7077600151493,0.3505566930867667,0.5,0.5,0.5,0.2,0.4,0.001,0.0006
200.0,0.3,841.1077065730024,0.73134411099551,0.5,0.5,0.5,0.2,0.4,0.001,0.0006
200.0,0.3,137.31531842588714,0.8966405602912281,0.5,0.5,0.5,0.2,0.4,0.001,0.0006
200.0,0.3,715.2100741343604,0.775417743529024,0.5,0.5,0.5,0.2,0.4,0.001,0.0006
200.0,0.3,827.2672449484609,0.5219450180651564,0.5,0.5,0.5,0.2,0.4,0.001,0.0006
200.0,0.3,1187.2903724674227,0.11521674236679758,0.5,0.5,0.5,0.2,0.4,0.001,0.0006
200.0,0.3,336.62284511443374,0.7447741596245128,0.5,0.5,0.5,0.2,0.4,0.001,0.0006
200.0,0.3,581.5217166687241,0.3511047640872124,0.5,0.5,0.5,0.2,0.4,0.001,0.0006
200.0,0.3,90.18647868940579,0.20690493120745837,0.5,0.5,0.5,0.2,0.4,0.001,0.0006
200.0,0.3,449.35084731438997,0.2834299838726323,0.5,0.5,0.5,0.2,0.4,0.001,0.0006
200.0,0.3,464.9065543095191,0.8296588946163272,0.5,0.5,0.5,0.2,0.4,0.001,0.0006
200.0,0.3,513.7944477637952,0.1202178981430472,0.5,0.5,0.5,0.2,0.4,0.001,0.0006
200.0,0.3,683.532757842764,0.5462035880764918,0.5,0.5,0.5,0.2,0.4,0.001,0.0006
200.0,0.3,378.3440303808401,0.8362800454721273,0.5,0.5,0.5,0.2,0.4,0.001,0.0006
200.0,0.3,278.96968365842343,0.6393398254546951,0.5,0.5,0.5,0.2,0.4,0.001,0.0006
200.0,0.3,630.996491258486,0.21912979683116865,0.5,0.5,0.5,0.2,0.4,0.001,0.0006
200.0,0.3,352.7605392270936,0.19422136214460314,0.5,0.5,0.5,0.2,0.4,0.001,0.0006
200.0,0.3,888.5929840834656,0.8542973618823009,0.5,0.5,0.5,0.2,0.4,0.001,0.0006
200.0,0.3,280.2328878236613,0.686183977141043,0.5,0.5,0.5,0.2,0.4,0.001,0.0006
200.0,0.3,1170.670793016902,0.5951735970210644,0.5,0.5,0.5,0.2,0.4,0.001,0.0006
200.0,0.3,667.5906524348318,0.8320666305803713,0.5,0.5,0.5,0.2,0.4,0.001,0.0006
200.0,0.3,510.12571491674123,0.46195079905565467,0.5,0.5,0.5,0.2,0.4,0.001,0.0006
200.0,0.3,350.8308030198608,0.4516863526742169,0.5,0.5,0.5,0.2,0.4,0.001,0.0006
200.0,0.3,1193.6937715506429,0.3310031900899897,0.5,0.5,0.5,0.2,0.4,0.001,0.0006
200.0,0.3,440.40301802322864,0.13486298895839957,0.5,0.5,0.5,0.2,0.4,0.001,0.0006
200.0,0.3,661.6327342473609,0.21394222691459444,0.5,0.5,0.5,0.2,0.4,0.001,0.0006
200.0,0.3,260.93459218814854,0.5715300968400844,0.5,0.5,0.5,0.2,0.4,0.001,0.0006
200.0,0.3,81.84598547536957,0.1728967934149579,0.5,0.5,0.5,0.2,0.4,0.001,0.0006
200.0,0.3,222.25992540040082,0.2905723980421157,0.5,0.5,0.5,0.2,0.4,0.001,0.0006
200.0,0.3,579.413578627568,0.4292105697068445,0.5,0.5,0.5,0.2,0.4,0.001,0.0006
200.0,0.3,97.22786016373259,0.6438822282695036,0.5,0.5,0.5,0.2,0.4,0.001,0.0006
200.0,0.3,309.0651868941162,0.5860962510362916,0.5,0.5,0.5,0.2,0.4,0.001,0.0006
200.0,0.3,283.1333535541827,0.36238729894131283,0.5,0.5,0.5,0.2,0.4,0.001,0.0006
200.0,0.3,296.34991193161466,0.2914882952593203,0.5,0.5,0.5,0.2,0.4,0.001,0.0006
200.0,0.3,1190.3290600336495,0.5087147658381584,0.5,0.5,0.5,0.2,0.4,0.001,0.0006
200.0,0.3,156.82325798132646,0.6379144232368298,0.5,0.5,0.5,0.2,0.4,0.001,0.0006
200.0,0.3,160.70486325117048,0.5841554040853072,0.5,0.5,0.5,0.2,0.4,0.001,0.0006
200.0,0.3,1015.9658286621291,0.4951776903573456,0.5,0.5,0.5,0.2,0.4,0.001,0.0006
200.0,0.3,1188.8799554233144,0.37070995412414853,0.5,0.5,0.5,0.2,0.4,0.001,0.0006
200.0,0.3,1088.79388448744,0.1518745306492506,0.5,0.5,0.5,0.2,0.4,0.001,0.0006
200.0,0.3,703.2994861148594,0.7347910502536918,0.5,0.5,0.5,0.2,0.4,0.001,0.0006
200.0,0.3,727.8543014333163,0.24442080081724793,0.5,0.5,0.5,0.2,0.4,0.001,0.0006
200.0,0.3,718.6056037725535,0.6409112290465687,0.5,0.5,0.5,0.2,0.4,0.001,0.0006
200.0,0.3,82.48547789918092,0.7910042857396259,0.5,0.5,0.5,0.2,0.4,0.001,0.0006
200.0,0.3,794.3379008416927,0.8545105120609205,0.5,0.5,0.5,0.2,0.4,0.001,0.0006
200.0,0.3,238.34565007128447,0.4527793050850602,0.5,0.5,0.5,0.2,0.4,0.001,0.0006
200.0,0.3,204.92598714956972,0.39929642403182247,0.5,0.5,0.5,0.2,0.4,0.001,0.0006
200.0,0.3,148.94244911036043,0.8355118682548344,0.5,0.5,0.5,0.2,0.4,0.001,0.0006
200.0,0.3,1010.1572015317548,0.6605742002117888,0.5,0.5,0.5,0.2,0.4,0.001,0.0006
200.0,0.3,1056.815535350186,0.8986298396317148,0.5,0.5,0.5,0.2,0.4,0.001,0.0006
200.0,0.3,1168.4213872390376,0.8500690071018866,0.5,0.5,0.5,0.2,0.4,0.001,0.0006
200.0,0.3,165.75393797045203,0.3950955791810209,0.5,0.5,0.5,0.2,0.4,0.001,0.0006
200.0,0.3,518.3689649671254,0.1747581507788019,0.5,0.5,0.5,0.2,0.4,0.001,0.0006
200.0,0.3,742.3740662362369,0.8443888423022079,0.5,0.5,0.5,0.2,0.4,0.001,0.0006
200.0,0.3,607.1632767175626,0.4410280447529953,0.5,0.5,0.5,0.2,0.4,0.001,0.0006
200.0,0.3,323.1201837166319,0.8514643095985829,0.5,0.5,0.5,0.2,0.4,0.001,0.0006
200.0,0.3,635.3101766463069,0.6714363952997695,0.5,0.5,0.5,0.2,0.4,0.001,0.0006
200.0,0.3,170.8702615901004,0.7587605193414693,0.5,0.5,0.5,0.2,0.4,0.001,0.0006
200.0,0.3,1093.8166449981088,0.7177874168028918,0.5,0.5,0.5,0.2,0.4,0.001,0.0006
200.0,0.3,466.12378852225174,0.4532874737928991,0.5,0.5,0.5,0.2,0.4,0.001,0.0006
200.0,0.3,476.30804417122675,0.5358199446258683,0.5,0.5,0.5,0.2,0.4,0.001,0.0006
200.0,0.3,350.20138204724014,0.8278576440508697,0.5,0.5,0.5,0.2,0.4,0.001,0.0006
200.0,0.3,330.0020909800369,0.4838556067055656,0.5,0.5,0.5,0.2,0.4,0.001,0.0006
200.0,0.3,222.299921884444,0.5226594916435566,0.5,0.5,0.5,0.2,0.4,0.001,0.0006
200.0,0.3,430.99267716047746,0.33801331313803457,0.5,0.5,0.5,0.2,0.4,0.001,0.0006
200.0,0.3,212.86069673514424,0.3579013747495733,0.5,0.5,0.5,0.2,0.4,0.001,0.0006
200.0,0.3,1072.8030782819483,0.4520343779192471,0.5,0.5,0.5,0.2,0.4,0.001,0.0006
200.0,0.3,208.53898476080292,0.6517388272705332,0.5,0.5,0.5,0.2,0.4,0.001,0.0006
200.0,0.3,69.93170792578272,0.8790007033290516,0.5,0.5,0.5,0.2,0.4,0.001,0.0006
200.0,0.3,1062.5249149576068,0.8667306242497426,0.5,0.5,0.5,0.2,0.4,0.001,0.0006
200.0,0.3,369.9036212057842,0.7444084398026454,0.5,0.5,0.5,0.2,0.4,0.001,0.0006
200.0,0.3,133.3348166577274,0.8925327075239231,0.5,0.5,0.5,0.2,0.4,0.001,0.0006
200.0,0.3,1140.4569479236845,0.2932733224503424,0.5,0.5,0.5,0.2,0.4,0.001,0.0006
200.0,0.3,870.5581230305645,0.40527888102467013,0.5,0.5,0.5,0.2,0.4,0.001,0.0006
200.0,0.3,200.356142276082,0.5268343708546529,0.5,0.5,0.5,0.2,0.4,0.001,0.0006
200.0,0.3,107.77088795800272,0.7757820042919373,0.5,0.5,0.5,0.2,0.4,0.001,0.0006
200.0,0.3,1198.5087624202001,0.2174140082499263,0.5,0.5,0.5,0.2,0.4,0.001,0.0006
200.0,0.3,813.0743656898762,0.7956315745054506,0.5,0.5,0.5,0.2,0.4,0.001,0.0006
200.0,0.3,1135.2647154247068,0.1650567615794829,0.5,0.5,0.5,0.2,0.4,0.001,0.0006
200.0,0.3,875.048623725323,0.7675382846354624,0.5,0.5,0.5,0.2,0.4,0.001,0.0006
200.0,0.3,495.48478477592744,0.26539011218075487,0.5,0.5,0.5,0.2,0.4,0.001,0.0006
200.0,0.3,457.2209895126432,0.705204603804129,0.5,0.5,0.5,0.2,0.4,0.001,0.0006
200.0,0.3,244.70963209905193,0.29836661857759417,0.5,0.5,0.5,0.2,0.4,0.001,0.0006
200.0,0.3,824.1642127143778,0.2055449109607948,0.5,0.5,0.5,0.2,0.4,0.001,0.0006
200.0,0.3,670.8764386082687,0.8939472553324644,0.5,0.5,0.5,0.2,0.4,0.001,0.0006
200.0,0.3,110.83905385669567,0.47775790089331577,0.5,0.5,0.5,0.2,0.4,0.001,0.0006
200.0,0.3,948.2543203119454,0.6154753217079589,0.5,0.5,0.5,0.2,0.4,0.001,0.0006
200.0,0.3,1028.0878814707132,0.8933153210134352,0.5,0.5,0.5,0.2,0.4,0.001,0.0006
200.0,0.3,307.79790598658644,0.6993836137638785,0.5,0.5,0.5,0.2,0.4,0.001,0.0006
200.0,0.3,787.7519343014217,0.8663573773075428,0.5,0.5,0.5,0.2,0.4,0.001,0.0006
200.0,0.3,263.01164237944397,0.814514203842093,0.5,0.5,0.5,0.2,0.4,0.001,0.0006
200.0,0.3,253.36658328666326,0.4328841109749941,0.5,0.5,0.5,0.2,0.4,0.001,0.0006
200.0,0.3,295.3032506980056,0.8805220357780382,0.5,0.5,0.5,0.2,0.4,0.001,0.0006
200.0,0.3,688.5307044648864,0.1316309187123684,0.5,0.5,0.5,0.2,0.4,0.001,0.0006
200.0,0.3,231.33235040447812,0.35745654540334143,0.5,0.5,0.5,0.2,0.4,0.001,0.0006
200.0,0.3,1113.462180709708,0.2833639574885819,0.5,0.5,0.5,0.2,0.4,0.001,0.0006
200.0,0.3,132.93353275100912,0.3186820853816234,0.5,0.5,0.5,0.2,0.4,0.001,0.0006
200.0,0.3,838.9035435718837,0.239245323509149,0.5,0.5,0.5,0.2,0.4,0.001,0.0006
200.0,0.3,889.2607832189593,0.7988071926315143,0.5,0.5,0.5,0.2,0.4,0.001,0.0006
200.0,0.3,804.7537935756286,0.3695604279247234,0.5,0.5,0.5,0.2,0.4,0.001,0.0006
200.0,0.3,400.1545067462091,0.6065894014510037,0.5,0.5,0.5,0.2,0.4,0.001,0.0006
200.0,0.3,187.01896581648055,0.8029230403506427,0.5,0.5,0.5,0.2,0.4,0.001,0.0006
200.0,0.3,1018.7265836578159,0.4490619732653251,0.5,0.5,0.5,0.2,0.4,0.001,0.0006
200.0,0.3,97.80656720054844,0.668163600809383,0.5,0.5,0.5,0.2,0.4,0.001,0.0006
200.0,0.3,526.7065619874967,0.5321308602702882,0.5,0.5,0.5,0.2,0.4,0.001,0.0006
200.0,0.3,260.3838383123157,0.3168622649719981,0.5,0.5,0.5,0.2,0.4,0.001,0.0006
200.0,0.3,697.5895719370944,0.1193713296185348,0.5,0.5,0.5,0.2,0.4,0.001,0.0006
200.0,0.3,701.9468848520024,0.7530087516163886,0.5,0.5,0.5,0.2,0.4,0.001,0.0006
200.0,0.3,187.28804020739227,0.6062969264095908,0.5,0.5,0.5,0.2,0.4,0.001,0.0006
200.0,0.3,791.8751526825046,0.8212969636124811,0.5,0.5,0.5,0.2,0.4,0.001,0.0006
200.0,0.3,1123.6041786111361,0.37076551401907737,0.5,0.5,0.5,0.2,0.4,0.001,0.0006
200.0,0.3,295.5127338558368,0.4423972565038547,0.5,0.5,0.5,0.2,0.4,0.001,0.0006
200.0,0.3,829.6126001263053,0.38634579800758023,0.5,0.5,0.5,0.2,0.4,0.001,0.0006
200.0,0.3,991.1185646132271,0.7892566382477648,0.5,0.5,0.5,0.2,0.4,0.001,0.0006
200.0,0.3,600.0174322481292,0.5581161360283653,0.5,0.5,0.5,0.2,0.4,0.001,0.0006
200.0,0.3,144.28222000012042,0.3271295361857255,0.5,0.5,0.5,0.2,0.4,0.001,0.0006
200.0,0.3,751.688836836487,0.19356176582639756,0.5,0.5,0.5,0.2,0.4,0.001,0.0006
200.0,0.3,1134.0481601235888,0.35584483477460793,0.5,0.5,0.5,0.2,0.4,0.001,0.0006
200.0,0.3,651.2718875451034,0.4246042118304021,0.5,0.5,0.5,0.2,0.4,0.001,0.0006
200.0,0.3,931.0349391218807,0.6576495643932221,0.5,0.5,0.5,0.2,0.4,0.001,0.0006
200.0,0.3,997.5858809672043,0.22030320881120025,0.5,0.5,0.5,0.2,0.4,0.001,0.0006
200.0,0.3,459.3538709730255,0.44955118390573495,0.5,0.5,0.5,0.2,0.4,0.001,0.0006
200.0,0.3,656.6703809412207,0.6507765633896769,0.5,0.5,0.5,0.2,0.4,0.001,0.0006
200.0,0.3,1086.127643011144,0.5394262136975686,0.5,0.5,0.5,0.2,0.4,0.001,0.0006
200.0,0.3,92.45880651734211,0.19001167511915007,0.5,0.5,0.5,0.2,0.4,0.001,0.0006
200.0,0.3,1109.0427893399633,0.743781084414287,0.5,0.5,0.5,0.2,0.4,0.001,0.0006
200.0,0.3,443.27038864682316,0.3013879852084025,0.5,0.5,0.5,0.2,0.4,0.001,0.0006
200.0,0.3,711.6037107776481,0.6797025333800424,0.5,0.5,0.5,0.2,0.4,0.001,0.0006
200.0,0.3,653.9275970296077,0.6192966466736638,0.5,0.5,0.5,0.2,0.4,0.001,0.0006
200.0,0.3,633.0507686369066,0.6734442615434639,0.5,0.5,0.5,0.2,0.4,0.001,0.0006
200.0,0.3,249.6673708212473,0.7825767758171067,0.5,0.5,0.5,0.2,0.4,0.001,0.0006
200.0,0.3,596.2237427306693,0.8641854690668992,0.5,0.5,0.5,0.2,0.4,0.001,0.0006
200.0,0.3,385.8409033879338,0.29590052527502414,0.5,0.5,0.5,0.2,0.4,0.001,0.0006
200.0,0.3,312.1180589324881,0.6714121141437168,0.5,0.5,0.5,0.2,0.4,0.001,0.0006
200.0,0.3,206.02403366688458,0.42242210380724726,0.5,0.5,0.5,0.2,0.4,0.001,0.0006
200.0,0.3,143.02998011649566,0.7700583230057176,0.5,0.5,0.5,0.2,0.4,0.001,0.0006
200.0,0.3,324.6432988379464,0.8141734995970332,0.5,0.5,0.5,0.2,0.4,0.001,0.0006
200.0,0.3,687.860154631268,0.7472843584384212,0.5,0.5,0.5,0.2,0.4,0.001,0.0006
200.0,0.3,334.4982693229923,0.6725592969375382,0.5,0.5,0.5,0.2,0.4,0.001,0.0006
200.0,0.3,480.71800370116074,0.531388569383365,0.5,0.5,0.5,0.2,0.4,0.001,0.0006
200.0,0.3,661.4465623740754,0.8176126552330398,0.5,0.5,0.5,0.2,0.4,0.001,0.0006
200.0,0.3,443.5164750765738,0.5740774322879031,0.5,0.5,0.5,0.2,0.4,0.001,0.0006
200.0,0.3,359.1675758652201,0.4868000437800604,0.5,0.5,0.5,0.2,0.4,0.001,0.0006
200.0,0.3,1185.241203114548,0.13689771222231392,0.5,0.5,0.5,0.2,0.4,0.001,0.0006
200.0,0.3,182.19566984323214,0.31991020471749226,0.5,0.5,0.5,0.2,0.4,0.001,0.0006
200.0,0.3,433.7872729341005,0.41748798870007386,0.5,0.5,0.5,0.2,0.4,0.001,0.0006
200.0,0.3,977.921291704514,0.7022839330445367,0.5,0.5,0.5,0.2,0.4,0.001,0.0006
200.0,0.3,1155.117078620614,0.24361738695646917,0.5,0.5,0.5,0.2,0.4,0.001,0.0006
200.0,0.3,1077.2390220812313,0.4346083352284887,0.5,0.5,0.5,0.2,0.4,0.001,0.0006
200.0,0.3,1184.9247178429057,0.1700542581384359,0.5,0.5,0.5,0.2,0.4,0.001,0.0006
200.0,0.3,995.7693205129773,0.10137065333281887,0.5,0.5,0.5,0.2,0.4,0.001,0.0006
200.0,0.3,1157.5929642603703,0.7722509007171503,0.5,0.5,0.5,0.2,0.4,0.001,0.0006
200.0,0.3,164.07971571405216,0.730632465873928,0.5,0.5,0.5,0.2,0.4,0.001,0.0006
200.0,0.3,985.1052681570465,0.41150228236087516,0.5,0.5,0.5,0.2,0.4,0.001,0.0006
200.0,0.3,849.4591547700337,0.17142244244324553,0.5,0.5,0.5,0.2,0.4,0.001,0.0006
200.0,0.3,123.51566252858429,0.47597038307206035,0.5,0.5,0.5,0.2,0.4,0.001,0.0006
200.0,0.3,293.8947968360175,0.5928193844454902,0.5,0.5,0.5,0.2,0.4,0.001,0.0006
200.0,0.3,493.98186150931997,0.5122287711690815,0.5,0.5,0.5,0.2,0.4,0.001,0.0006
200.0,0.3,465.7841205928468,0.26760578062643353,0.5,0.5,0.5,0.2,0.4,0.001,0.0006
200.0,0.3,1080.3559214157451,0.5540123850518343,0.5,0.5,0.5,0.2,0.4,0.001,0.0006
200.0,0.3,645.06333301893,0.1581755688384072,0.5,0.5,0.5,0.2,0.4,0.001,0.0006
200.0,0.3,117.77328956586393,0.24512938537130122,0.5,0.5,0.5,0.2,0.4,0.001,0.0006
200.0,0.3,811.8647997288153,0.16393625832752987,0.5,0.5,0.5,0.2,0.4,0.001,0.0006
200.0,0.3,768.7384709801704,0.5564895568162204,0.5,0.5,0.5,0.2,0.4,0.001,0.0006
200.0,0.3,949.7931061021927,0.8813017906983419,0.5,0.5,0.5,0.2,0.4,0.001,0.0006
200.0,0.3,904.3195000277043,0.700966122273009,0.5,0.5,0.5,0.2,0.4,0.001,0.0006
200.0,0.3,1086.6798235688334,0.8903294626552462,0.5,0.5,0.5,0.2,0.4,0.001,0.0006
200.0,0.3,734.1807519357317,0.23156397449610353,0.5,0.5,0.5,0.2,0.4,0.001,0.0006
200.0,0.3,459.33205754794255,0.16332879878725343,0.5,0.5,0.5,0.2,0.4,0.001,0.0006
200.0,0.3,593.4183139875238,0.784655677168607,0.5,0.5,0.5,0.2,0.4,0.001,0.0006
200.0,0.3,243.2418557183707,0.3842005901265759,0.5,0.5,0.5,0.2,0.4,0.001,0.0006
200.0,0.3,198.28166035797315,0.23545264266478433,0.5,0.5,0.5,0.2,0.4,0.001,0.0006
200.0,0.3,500.5162817667883,0.6930909860341663,0.5,0.5,0.5,0.2,0.4,0.001,0.0006
200.0,0.3,841.9812848607221,0.5792314121194644,0.5,0.5,0.5,0.2,0.4,0.001,0.0006
200.0,0.3,410.5921344557387,0.47210341767940556,0.5,0.5,0.5,0.2,0.4,0.001,0.0006
200.0,0.3,904.9210411229536,0.4567806562416835,0.5,0.5,0.5,0.2,0.4,0.001,0.0006
200.0,0.3,1173.3652332665097,0.41414629793832636,0.5,0.5,0.5,0.2,0.4,0.001,0.0006
200.0,0.3,676.8197948774409,0.7495783121309287,0.5,0.5,0.5,0.2,0.4,0.001,0.0006
200.0,0.3,677.6939766620919,0.4488429134891989,0.5,0.5,0.5,0.2,0.4,0.001,0.0006
200.0,0.3,834.7765753506928,0.27863579023886426,0.5,0.5,0.5,0.2,0.4,0.001,0.0006
200.0,0.3,897.0466172593535,0.7849942113146171,0.5,0.5,0.5,0.2,0.4,0.001,0.0006
200.0,0.3,773.8669397683304,0.35142404786207043,0.5,0.5,0.5,0.2,0.4,0.001,0.0006
200.0,0.3,524.5183985551024,0.49329843465440537,0.5,0.5,0.5,0.2,0.4,0.001,0.0006
200.0,0.3,304.02568551285356,0.30303268334837896,0.5,0.5,0.5,0.2,0.4,0.001,0.0006
200.0,0.3,330.2544704442789,0.5592711921577209,0.5,0.5,0.5,0.2,0.4,0.001,0.0006
200.0,0.3,102.91457400096417,0.8413507340775144,0.5,0.5,0.5,0.2,0.4,0.001,0.0006
200.0,0.3,676.2925374680052,0.32576104403543626,0.5,0.5,0.5,0.2,0.4,0.001,0.0006
200.0,0.3,718.854111610632,0.7089568277003062,0.5,0.5,0.5,0.2,0.4,0.001,0.0006
200.0,0.3,385.54450331529387,0.18466087325297675,0.5,0.5,0.5,0.2,0.4,0.001,0.0006
200.0,0.3,1021.3003156443045,0.21333237347988396,0.5,0.5,0.5,0.2,0.4,0.001,0.0006
200.0,0.3,279.6525610248895,0.8571100022941391,0.5,0.5,0.5,0.2,0.4,0.001,0.0006
200.0,0.3,392.7635557617916,0.7126772718172968,0.5,0.5,0.5,0.2,0.4,0.001,0.0006
200.0,0.3,744.0315493334805,0.5629569326802879,0.5,0.5,0.5,0.2,0.4,0.001,0.0006
200.0,0.3,760.0614407734174,0.5113050392538897,0.5,0.5,0.5,0.2,0.4,0.001,0.0006
200.0,0.3,969.458674278011,0.7739471948160093,0.5,0.5,0.5,0.2,0.4,0.001,0.0006
200.0,0.3,581.6633172498152,0.6087197972544627,0.5,0.5,0.5,0.2,0.4,0.001,0.0006
200.0,0.3,573.0473146312698,0.6068116194112668,0.5,0.5,0.5,0.2,0.4,0.001,0.0006
200.0,0.3,1010.5875146270639,0.5963180372488112,0.5,0.5,0.5,0.2,0.4,0.001,0.0006
200.0,0.3,1140.92616446922,0.32635752234183696,0.5,0.5,0.5,0.2,0.4,0.001,0.0006
200.0,0.3,771.453032493598,0.2065277374550168,0.5,0.5,0.5,0.2,0.4,0.001,0.0006
200.0,0.3,82.15655039724668,0.7096322247396487,0.5,0.5,0.5,0.2,0.4,0.001,0.0006
200.0,0.3,738.2980308781416,0.7608792467579589,0.5,0.5,0.5,0.2,0.4,0.001,0.0006
200.0,0.3,656.5230906825643,0.7413020822792934,0.5,0.5,0.5,0.2,0.4,0.001,0.0006
200.0,0.3,685.4487847848153,0.820699512094559,0.5,0.5,0.5,0.2,0.4,0.001,0.0006
200.0,0.3,592.5252041877158,0.6487415792094122,0.5,0.5,0.5,0.2,0.4,0.001,0.0006
200.0,0.3,989.1609941438585,0.5950836425415543,0.5,0.5,0.5,0.2,0.4,0.001,0.0006
200.0,0.3,1094.508886040927,0.7614723626628908,0.5,0.5,0.5,0.2,0.4,0.001,0.0006
200.0,0.3,774.0552542018942,0.4143552702140378,0.5,0.5,0.5,0.2,0.4,0.001,0.0006
200.0,0.3,870.9139052577436,0.7714537963283363,0.5,0.5,0.5,0.2,0.4,0.001,0.0006
200.0,0.3,1131.481016091017,0.12041147623848768,0.5,0.5,0.5,0.2,0.4,0.001,0.0006
200.0,0.3,964.4916496598161,0.667969908095462,0.5,0.5,0.5,0.2,0.4,0.001,0.0006
200.0,0.3,1142.6804495314937,0.41996995741199367,0.5,0.5,0.5,0.2,0.4,0.001,0.0006
200.0,0.3,1066.4785519086024,0.8768006114124711,0.5,0.5,0.5,0.2,0.4,0.001,0.0006
200.0,0.3,1157.5209536218388,0.7980422375674168,0.5,0.5,0.5,0.2,0.4,0.001,0.0006
200.0,0.3,1033.1423314457127,0.806595059623253,0.5,0.5,0.5,0.2,0.4,0.001,0.0006
200.0,0.3,540.41031037553,0.1821632522652241,0.5,0.5,0.5,0.2,0.4,0.001,0.0006
200.0,0.3,88.3115364138218,0.1673816626470729,0.5,0.5,0.5,0.2,0.4,0.001,0.0006
200.0,0.3,480.4654203639207,0.8364572122721339,0.5,0.5,0.5,0.2,0.4,0.001,0.0006
200.0,0.3,129.77106356975634,0.8614066923084891,0.5,0.5,0.5,0.2,0.4,0.001,0.0006
200.0,0.3,451.85747570899656,0.7137055078081715,0.5,0.5,0.5,0.2,0.4,0.001,0.0006
200.0,0.3,1015.2752137454992,0.14216904274181782,0.5,0.5,0.5,0.2,0.4,0.001,0.0006
200.0,0.3,659.7287513868712,0.13543324668875184,0.5,0.5,0.5,0.2,0.4,0.001,0.0006
200.0,0.3,866.174206636113,0.437544144946582,0.5,0.5,0.5,0.2,0.4,0.001,0.0006
200.0,0.3,524.8830771898599,0.5488395382137302,0.5,0.5,0.5,0.2,0.4,0.001,0.0006
200.0,0.3,575.2325428506861,0.8489638953429766,0.5,0.5,0.5,0.2,0.4,0.001,0.0006
200.0,0.3,111.15962423510014,0.5625524578344209,0.5,0.5,0.5,0.2,0.4,0.001,0.0006
200.0,0.3,800.4171965520818,0.8378982019963841,0.5,0.5,0.5,0.2,0.4,0.001,0.0006
200.0,0.3,366.2064043736813,0.7186086266038891,0.5,0.5,0.5,0.2,0.4,0.001,0.0006
200.0,0.3,515.4750637891055,0.24708431334517178,0.5,0.5,0.5,0.2,0.4,0.001,0.0006
200.0,0.3,488.35368023559806,0.29360974060732437,0.5,0.5,0.5,0.2,0.4,0.001,0.0006
200.0,0.3,190.83786588931844,0.8714708613886419,0.5,0.5,0.5,0.2,0.4,0.001,0.0006
200.0,0.3,602.0986822211253,0.7544970697912673,0.5,0.5,0.5,0.2,0.4,0.001,0.0006
200.0,0.3,916.2128553260723,0.528441530479148,0.5,0.5,0.5,0.2,0.4,0.001,0.0006
200.0,0.3,603.0964439365105,0.6697278075298799,0.5,0.5,0.5,0.2,0.4,0.001,0.0006
200.0,0.3,171.0690389066795,0.14025976470170348,0.5,0.5,0.5,0.2,0.4,0.001,0.0006
200.0,0.3,591.5287497426752,0.10910095287169225,0.5,0.5,0.5,0.2,0.4,0.001,0.0006
200.0,0.3,1193.8817220783064,0.8933790043857249,0.5,0.5,0.5,0.2,0.4,0.001,0.0006
200.0,0.3,917.8152294849017,0.2845044374555359,0.5,0.5,0.5,0.2,0.4,0.001,0.0006
200.0,0.3,77.82435865727825,0.8046333294517501,0.5,0.5,0.5,0.2,0.4,0.001,0.0006
200.0,0.3,52.69903369900399,0.5238967105603792,0.5,0.5,0.5,0.2,0.4,0.001,0.0006
200.0,0.3,108.02206870906646,0.47141106228942303,0.5,0.5,0.5,0.2,0.4,0.001,0.0006
200.0,0.3,356.1569370263297,0.5623646690302577,0.5,0.5,0.5,0.2,0.4,0.001,0.0006
200.0,0.3,466.6908830395603,0.4597655914406839,0.5,0.5,0.5,0.2,0.4,0.001,0.0006
200.0,0.3,495.51926891762895,0.3943945901975614,0.5,0.5,0.5,0.2,0.4,0.001,0.0006
200.0,0.3,193.6766645166822,0.31044125973171266,0.5,0.5,0.5,0.2,0.4,0.001,0.0006
200.0,0.3,653.0497452526241,0.7575864561930463,0.5,0.5,0.5,0.2,0.4,0.001,0.0006
200.0,0.3,210.825450965678,0.2742324789861497,0.5,0.5,0.5,0.2,0.4,0.001,0.0006
200.0,0.3,659.2156690595565,0.2096138334450604,0.5,0.5,0.5,0.2,0.4,0.001,0.0006
200.0,0.3,908.7610180366165,0.15133787971008436,0.5,0.5,0.5,0.2,0.4,0.001,0.0006
200.0,0.3,935.1083765391631,0.13051372752322996,0.5,0.5,0.5,0.2,0.4,0.001,0.0006
200.0,0.3,865.4315173370488,0.6039040056480909,0.5,0.5,0.5,0.2,0.4,0.001,0.0006
200.0,0.3,567.2015316394876,0.6692425639533318,0.5,0.5,0.5,0.2,0.4,0.001,0.0006
200.0,0.3,824.8656306678733,0.25236729113497064,0.5,0.5,0.5,0.2,0.4,0.001,0.0006
200.0,0.3,1139.295135665152,0.6251196753953474,0.5,0.5,0.5,0.2,0.4,0.001,0.0006
200.0,0.3,803.5114272863932,0.6848477193785459,0.5,0.5,0.5,0.2,0.4,0.001,0.0006
200.0,0.3,709.6998491907738,0.8702345724976727,0.5,0.5,0.5,0.2,0.4,0.001,0.0006
200.0,0.3,722.5024064326007,0.2485418285680189,0.5,0.5,0.5,0.2,0.4,0.001,0.0006
200.0,0.3,164.29494763949825,0.20175733613384256,0.5,0.5,0.5,0.2,0.4,0.001,0.0006
200.0,0.3,744.6831217184871,0.12973214986663262,0.5,0.5,0.5,0.2,0.4,0.001,0.0006
200.0,0.3,233.44335445318652,0.2045996978937364,0.5,0.5,0.5,0.2,0.4,0.001,0.0006
200.0,0.3,1012.7121494922641,0.37875268644112253,0.5,0.5,0.5,0.2,0.4,0.001,0.0006
200.0,0.3,627.8954713796896,0.22028327133885447,0.5,0.5,0.5,0.2,0.4,0.001,0.0006
200.0,0.3,1071.5230991727203,0.5023172273886648,0.5,0.5,0.5,0.2,0.4,0.001,0.0006
200.0,0.3,858.3714273774158,0.7182590332288414,0.5,0.5,0.5,0.2,0.4,0.001,0.0006
200.0,0.3,399.60968151617004,0.39717819201391064,0.5,0.5,0.5,0.2,0.4,0.001,0.0006
200.0,0.3,403.64874747036845,0.8445765150565633,0.5,0.5,0.5,0.2,0.4,0.001,0.0006
200.0,0.3,798.6196592505621,0.8033114864727411,0.5,0.5,0.5,0.2,0.4,0.001,0.0006
200.0,0.3,293.20180848370023,0.18898857363196023,0.5,0.5,0.5,0.2,0.4,0.001,0.0006
200.0,0.3,199.61482423479873,0.7047198220102207,0.5,0.5,0.5,0.2,0.4,0.001,0.0006
200.0,0.3,173.47068475881406,0.8942908784577499,0.5,0.5,0.5,0.2,0.4,0.001,0.0006
200.0,0.3,239.90730918999435,0.5906023573775302,0.5,0.5,0.5,0.2,0.4,0.001,0.0006
200.0,0.3,937.8836739102222,0.2876572599316101,0.5,0.5,0.5,0.2,0.4,0.001,0.0006
200.0,0.3,357.29856872838576,0.8895457079361637,0.5,0.5,0.5,0.2,0.4,0.001,0.0006
200.0,0.3,886.6123003888025,0.15392278676355708,0.5,0.5,0.5,0.2,0.4,0.001,0.0006
200.0,0.3,345.9449444616299,0.3474625330654223,0.5,0.5,0.5,0.2,0.4,0.001,0.0006
200.0,0.3,108.32467878772418,0.4392245019862056,0.5,0.5,0.5,0.2,0.4,0.001,0.0006
200.0,0.3,61.52732270612547,0.22831244275197973,0.5,0.5,0.5,0.2,0.4,0.001,0.0006
200.0,0.3,236.70723554384068,0.7204448433622397,0.5,0.5,0.5,0.2,0.4,0.001,0.0006
200.0,0.3,1114.055638846806,0.42849648502203674,0.5,0.5,0.5,0.2,0.4,0.001,0.0006
200.0,0.3,840.5643042803459,0.26158709488402415,0.5,0.5,0.5,0.2,0.4,0.001,0.0006
200.0,0.3,79.22515831769763,0.536672690649823,0.5,0.5,0.5,0.2,0.4,0.001,0.0006
200.0,0.3,900.4617547275142,0.5448068106061917,0.5,0.5,0.5,0.2,0.4,0.001,0.0006
200.0,0.3,1085.5070425793863,0.1329288920239769,0.5,0.5,0.5,0.2,0.4,0.001,0.0006
200.0,0.3,117.80583720184013,0.22178559153219474,0.5,0.5,0.5,0.2,0.4,0.001,0.0006
200.0,0.3,222.17228945072765,0.22191758699224212,0.5,0.5,0.5,0.2,0.4,0.001,0.0006
200.0,0.3,192.56897861727626,0.5101241170798115,0.5,0.5,0.5,0.2,0.4,0.001,0.0006
200.0,0.3,456.0837899658777,0.24193210745462343,0.5,0.5,0.5,0.2,0.4,0.001,0.0006
200.0,0.3,955.4299433567049,0.5505630908399192,0.5,0.5,0.5,0.2,0.4,0.001,0.0006
200.0,0.3,1199.592819758979,0.8261807389096147,0.5,0.5,0.5,0.2,0.4,0.001,0.0006
200.0,0.3,235.4729589386829,0.3065363104218075,0.5,0.5,0.5,0.2,0.4,0.001,0.0006
200.0,0.3,167.241681616466,0.6962268100274296,0.5,0.5,0.5,0.2,0.4,0.001,0.0006
200.0,0.3,836.43642809434,0.7881443307753939,0.5,0.5,0.5,0.2,0.4,0.001,0.0006
200.0,0.3,60.878245101211505,0.607236460092796,0.5,0.5,0.5,0.2,0.4,0.001,0.0006
200.0,0.3,1143.9426091039654,0.34438516008376124,0.5,0.5,0.5,0.2,0.4,0.001,0.0006
200.0,0.3,425.41404224494147,0.10532571173760347,0.5,0.5,0.5,0.2,0.4,0.001,0.0006
200.0,0.3,237.70000643422912,0.463108954409694,0.5,0.5,0.5,0.2,0.4,0.001,0.0006
200.0,0.3,546.9913378060777,0.17581947187847355,0.5,0.5,0.5,0.2,0.4,0.001,0.0006
200.0,0.3,208.49921091770432,0.8838317211852393,0.5,0.5,0.5,0.2,0.4,0.001,0.0006
200.0,0.3,64.19644254159311,0.26850377263663666,0.5,0.5,0.5,0.2,0.4,0.001,0.0006
200.0,0.3,894.1218623770185,0.7942741256609018,0.5,0.5,0.5,0.2,0.4,0.001,0.0006
200.0,0.3,716.1321642168894,0.5915024937474825,0.5,0.5,0.5,0.2,0.4,0.001,0.0006
200.0,0.3,805.2303826479281,0.7914131709421189,0.5,0.5,0.5,0.2,0.4,0.001,0.0006
200.0,0.3,169.10974936778476,0.5036870755815815,0.5,0.5,0.5,0.2,0.4,0.001,0.0006
200.0,0.3,569.301351024925,0.44985144481858275,0.5,0.5,0.5,0.2,0.4,0.001,0.0006
200.0,0.3,903.745921214328,0.6616138772483491,0.5,0.5,0.5,0.2,0.4,0.001,0.0006
200.0,0.3,941.616309787483,0.1016948904715652,0.5,0.5,0.5,0.2,0.4,0.001,0.0006
200.0,0.3,374.25096301308184,0.2939306927212206,0.5,0.5,0.5,0.2,0.4,0.001,0.0006
200.0,0.3,496.0758930602728,0.717984595223075,0.5,0.5,0.5,0.2,0.4,0.001,0.0006
200.0,0.3,418.222251813729,0.7435965406233329,0.5,0.5,0.5,0.2,0.4,0.001,0.0006
200.0,0.3,645.9024970661347,0.3930851454931282,0.5,0.5,0.5,0.2,0.4,0.001,0.0006
200.0,0.3,670.3644896146689,0.3115768539202708,0.5,0.5,0.5,0.2,0.4,0.001,0.0006
200.0,0.3,733.6788807191032,0.12982643124749169,0.5,0.5,0.5,0.2,0.4,0.001,0.0006
200.0,0.3,488.49493845064103,0.2035960514538533,0.5,0.5,0.5,0.2,0.4,0.001,0.0006
200.0,0.3,837.2660921121712,0.8760132856976752,0.5,0.5,0.5,0.2,0.4,0.001,0.0006
200.0,0.3,346.6162220127397,0.4968267312553284,0.5,0.5,0.5,0.2,0.4,0.001,0.0006
200.0,0.3,92.32588833100668,0.6073551204313551,0.5,0.5,0.5,0.2,0.4,0.001,0.0006
200.0,0.3,767.5405106688477,0.6992452989358362,0.5,0.5,0.5,0.2,0.4,0.001,0.0006
200.0,0.3,927.5654345764369,0.8207299900209727,0.5,0.5,0.5,0.2,0.4,0.001,0.0006
200.0,0.3,1063.1478976463568,0.5031792932912084,0.5,0.5,0.5,0.2,0.4,0.001,0.0006
200.0,0.3,653.0624555871573,0.1581165716683021,0.5,0.5,0.5,0.2,0.4,0.001,0.0006
200.0,0.3,1094.072661257957,0.22476357843157402,0.5,0.5,0.5,0.2,0.4,0.001,0.0006
200.0,0.3,324.3179987859708,0.4853462649615472,0.5,0.5,0.5,0.2,0.4,0.001,0.0006
200.0,0.3,868.8039147768077,0.8436857326070344,0.5,0.5,0.5,0.2,0.4,0.001,0.0006
200.0,0.3,701.0500454726896,0.2319446627184667,0.5,0.5,0.5,0.2,0.4,0.001,0.0006
200.0,0.3,584.7022031650947,0.21674774760341542,0.5,0.5,0.5,0.2,0.4,0.001,0.0006
200.0,0.3,934.1992774970324,0.3926524584631277,0.5,0.5,0.5,0.2,0.4,0.001,0.0006
200.0,0.3,183.25433225043247,0.3567648306822913,0.5,0.5,0.5,0.2,0.4,0.001,0.0006
200.0,0.3,932.0411959233552,0.11383254729077308,0.5,0.5,0.5,0.2,0.4,0.001,0.0006
200.0,0.3,491.73178459637535,0.8827970354505987,0.5,0.5,0.5,0.2,0.4,0.001,0.0006
200.0,0.3,1104.9512506312797,0.5378627090638354,0.5,0.5,0.5,0.2,0.4,0.001,0.0006
200.0,0.3,1004.4107848213888,0.7774420639884077,0.5,0.5,0.5,0.2,0.4,0.001,0.0006
200.0,0.3,894.5398025270838,0.6773172249682139,0.5,0.5,0.5,0.2,0.4,0.001,0.0006
200.0,0.3,604.9375434036778,0.41745669212037906,0.5,0.5,0.5,0.2,0.4,0.001,0.0006
200.0,0.3,242.62868781102335,0.22439179375710055,0.5,0.5,0.5,0.2,0.4,0.001,0.0006
200.0,0.3,114.14951596961646,0.1740026178563456,0.5,0.5,0.5,0.2,0.4,0.001,0.0006
200.0,0.3,859.8425318138476,0.68575290895892,0.5,0.5,0.5,0.2,0.4,0.001,0.0006
200.0,0.3,143.6895098331372,0.6405134240043892,0.5,0.5,0.5,0.2,0.4,0.001,0.0006
200.0,0.3,1074.916249912668,0.24036438838906193,0.5,0.5,0.5,0.2,0.4,0.001,0.0006
200.0,0.3,235.55487442505563,0.5597726735895071,0.5,0.5,0.5,0.2,0.4,0.001,0.0006
200.0,0.3,356.2953309108381,0.5328745695222679,0.5,0.5,0.5,0.2,0.4,0.001,0.0006
200.0,0.3,530.0109484238843,0.5994082578558942,0.5,0.5,0.5,0.2,0.4,0.001,0.0006
200.0,0.3,189.6074097808861,0.5871106030083092,0.5,0.5,0.5,0.2,0.4,0.001,0.0006
200.0,0.3,1086.4081553648125,0.1621695547674601,0.5,0.5,0.5,0.2,0.4,0.001,0.0006
200.0,0.3,299.9624523366634,0.575510331456833,0.5,0.5,0.5,0.2,0.4,0.001,0.0006
200.0,0.3,917.9682260965072,0.8157275553497686,0.5,0.5,0.5,0.2,0.4,0.001,0.0006
200.0,0.3,55.88570347433176,0.38036537460104514,0.5,0.5,0.5,0.2,0.4,0.001,0.0006
200.0,0.3,864.2624315728119,0.6494935994446718,0.5,0.5,0.5,0.2,0.4,0.001,0.0006
200.0,0.3,710.5122990670383,0.3791634301035951,0.5,0.5,0.5,0.2,0.4,0.001,0.0006
200.0,0.3,396.54788273173,0.6798643434550616,0.5,0.5,0.5,0.2,0.4,0.001,0.0006
200.0,0.3,824.986439999368,0.3273303972716871,0.5,0.5,0.5,0.2,0.4,0.001,0.0006
200.0,0.3,358.1196950025587,0.39500353846236075,0.5,0.5,0.5,0.2,0.4,0.001,0.0006
200.0,0.3,938.8586344803259,0.8352512494634108,0.5,0.5,0.5,0.2,0.4,0.001,0.0006
200.0,0.3,550.977988612017,0.3462843906830477,0.5,0.5,0.5,0.2,0.4,0.001,0.0006
200.0,0.3,914.0395358656335,0.4585125103313368,0.5,0.5,0.5,0.2,0.4,0.001,0.0006
200.0,0.3,940.2009553109814,0.5605508318789496,0.5,0.5,0.5,0.2,0.4,0.001,0.0006
200.0,0.3,856.6933641792925,0.10482841871892329,0.5,0.5,0.5,0.2,0.4,0.001,0.0006
200.0,0.3,102.14730247876484,0.42300684977220104,0.5,0.5,0.5,0.2,0.4,0.001,0.0006
200.0,0.3,1005.4906211206606,0.7502575238194895,0.5,0.5,0.5,0.2,0.4,0.001,0.0006
200.0,0.3,609.8935627152903,0.125423203724149,0.5,0.5,0.5,0.2,0.4,0.001,0.0006
200.0,0.3,1092.3102880421507,0.5579675580902036,0.5,0.5,0.5,0.2,0.4,0.001,0.0006
200.0,0.3,1123.759243960295,0.6587821791225602,0.5,0.5,0.5,0.2,0.4,0.001,0.0006
200.0,0.3,1184.1808398753374,0.8369686016209326,0.5,0.5,0.5,0.2,0.4,0.001,0.0006
200.0,0.3,300.72410649544037,0.31228198568841575,0.5,0.5,0.5,0.2,0.4,0.001,0.0006
200.0,0.3,452.06387176461465,0.8213191951554919,0.5,0.5,0.5,0.2,0.4,0.001,0.0006
200.0,0.3,345.1885749773268,0.5850791566074408,0.5,0.5,0.5,0.2,0.4,0.001,0.0006
200.0,0.3,85.9187225064196,0.72974376189508,0.5,0.5,0.5,0.2,0.4,0.001,0.0006
200.0,0.3,771.2785047899039,0.6413144276204364,0.5,0.5,0.5,0.2,0.4,0.001,0.0006
200.0,0.3,923.8838559744543,0.33410841885018816,0.5,0.5,0.5,0.2,0.4,0.001,0.0006
200.0,0.3,854.3365354901861,0.4171254585307154,0.5,0.5,0.5,0.2,0.4,0.001,0.0006
200.0,0.3,809.8226212200082,0.503189676353558,0.5,0.5,0.5,0.2,0.4,0.001,0.0006
200.0,0.3,950.3271446179666,0.3685251944447968,0.5,0.5,0.5,0.2,0.4,0.001,0.0006
200.0,0.3,90.52041651777488,0.7597010957260607,0.5,0.5,0.5,0.2,0.4,0.001,0.0006
200.0,0.3,1047.3328540410043,0.47319589581523114,0.5,0.5,0.5,0.2,0.4,0.001,0.0006
200.0,0.3,277.6452227142329,0.6238089386588671,0.5,0.5,0.5,0.2,0.4,0.001,0.0006
200.0,0.3,868.4295622610505,0.5857419442426441,0.5,0.5,0.5,0.2,0.4,0.001,0.0006
200.0,0.3,1103.0705583115114,0.6597846200393815,0.5,0.5,0.5,0.2,0.4,0.001,0.0006
200.0,0.3,114.81080434668888,0.7005006055669429,0.5,0.5,0.5,0.2,0.4,0.001,0.0006
200.0,0.3,1122.0106804107788,0.4034812664488791,0.5,0.5,0.5,0.2,0.4,0.001,0.0006
200.0,0.3,213.94138979791637,0.3993256780217202,0.5,0.5,0.5,0.2,0.4,0.001,0.0006
200.0,0.3,1107.2061578360044,0.8148684115263184,0.5,0.5,0.5,0.2,0.4,0.001,0.0006
200.0,0.3,261.3178871995691,0.7383792974317305,0.5,0.5,0.5,0.2,0.4,0.001,0.0006
200.0,0.3,1046.2478152833055,0.46063908821132904,0.5,0.5,0.5,0.2,0.4,0.001,0.0006
200.0,0.3,319.84124320167314,0.8028522181094839,0.5,0.5,0.5,0.2,0.4,0.001,0.0006
200.0,0.3,478.97104928514983,0.32691351608725494,0.5,0.5,0.5,0.2,0.4,0.001,0.0006
200.0,0.3,176.03082513599867,0.4124614487423952,0.5,0.5,0.5,0.2,0.4,0.001,0.0006
200.0,0.3,379.01217451893234,0.5107502411953003,0.5,0.5,0.5,0.2,0.4,0.001,0.0006
200.0,0.3,429.5442904593824,0.7830777369113806,0.5,0.5,0.5,0.2,0.4,0.001,0.0006
200.0,0.3,1093.2839902313349,0.7864922014321892,0.5,0.5,0.5,0.2,0.4,0.001,0.0006
200.0,0.3,291.24211513119826,0.8198067784868606,0.5,0.5,0.5,0.2,0.4,0.001,0.0006
200.0,0.3,314.47771958998834,0.7192593350421633,0.5,0.5,0.5,0.2,0.4,0.001,0.0006
200.0,0.3,294.0784873603046,0.6232525917702844,0.5,0.5,0.5,0.2,0.4,0.001,0.0006
200.0,0.3,618.6969329266267,0.6957353949773817,0.5,0.5,0.5,0.2,0.4,0.001,0.0006
200.0,0.3,1028.4185690361562,0.12538251719014157,0.5,0.5,0.5,0.2,0.4,0.001,0.0006
200.0,0.3,872.0017200209974,0.7473215270899536,0.5,0.5,0.5,0.2,0.4,0.001,0.0006
200.0,0.3,1135.8500840188287,0.8592438204805253,0.5,0.5,0.5,0.2,0.4,0.001,0.0006
200.0,0.3,832.9934031492276,0.35402990386897604,0.5,0.5,0.5,0.2,0.4,0.001,0.0006
200.0,0.3,206.70042473508843,0.34399847474266326,0.5,0.5,0.5,0.2,0.4,0.001,0.0006
200.0,0.3,1047.8224484297034,0.42069476099029113,0.5,0.5,0.5,0.2,0.4,0.001,0.0006
200.0,0.3,774.6764112471393,0.3823357899306811,0.5,0.5,0.5,0.2,0.4,0.001,0.0006
200.0,0.3,580.8495032630959,0.6134081406547539,0.5,0.5,0.5,0.2,0.4,0.001,0.0006
200.0,0.3,1166.8618552631388,0.6590522218736843,0.5,0.5,0.5,0.2,0.4,0.001,0.0006
200.0,0.3,930.965772929994,0.7991708153144439,0.5,0.5,0.5,0.2,0.4,0.001,0.0006
200.0,0.3,613.6737770070534,0.2641281459848539,0.5,0.5,0.5,0.2,0.4,0.001,0.0006
200.0,0.3,395.21188473769,0.24690898163291292,0.5,0.5,0.5,0.2,0.4,0.001,0.0006
200.0,0.3,539.6322464596599,0.349846910256861,0.5,0.5,0.5,0.2,0.4,0.001,0.0006
200.0,0.3,1134.8904535790182,0.5038413811400348,0.5,0.5,0.5,0.2,0.4,0.001,0.0006
200.0,0.3,298.74617254742014,0.42697507767259535,0.5,0.5,0.5,0.2,0.4,0.001,0.0006
200.0,0.3,1119.7897230075853,0.7386955110543272,0.5,0.5,0.5,0.2,0.4,0.001,0.0006
200.0,0.3,348.5220870340255,0.6999239555095589,0.5,0.5,0.5,0.2,0.4,0.001,0.0006
200.0,0.3,981.4649718250955,0.40169376099625964,0.5,0.5,0.5,0.2,0.4,0.001,0.0006
200.0,0.3,718.6959186774899,0.8261942360682906,0.5,0.5,0.5,0.2,0.4,0.001,0.0006
200.0,0.3,365.1873736087231,0.1841948756556736,0.5,0.5,0.5,0.2,0.4,0.001,0.0006
200.0,0.3,218.92464613674684,0.6278891015535839,0.5,0.5,0.5,0.2,0.4,0.001,0.0006
200.0,0.3,852.6258161554821,0.8288819192806034,0.5,0.5,0.5,0.2,0.4,0.001,0.0006
200.0,0.3,150.21006463861974,0.26222293249377976,0.5,0.5,0.5,0.2,0.4,0.001,0.0006
200.0,0.3,104.37197719332391,0.644416911368931,0.5,0.5,0.5,0.2,0.4,0.001,0.0006
200.0,0.3,114.93778831238835,0.15126462233585736,0.5,0.5,0.5,0.2,0.4,0.001,0.0006
200.0,0.3,236.9698824188833,0.11161257339927398,0.5,0.5,0.5,0.2,0.4,0.001,0.0006
200.0,0.3,652.2958769543907,0.7392030347193498,0.5,0.5,0.5,0.2,0.4,0.001,0.0006
200.0,0.3,385.665538575831,0.28958429385253937,0.5,0.5,0.5,0.2,0.4,0.001,0.0006
200.0,0.3,1109.4960121350878,0.3514110887476344,0.5,0.5,0.5,0.2,0.4,0.001,0.0006
200.0,0.3,806.4535330743164,0.1693292306435355,0.5,0.5,0.5,0.2,0.4,0.001,0.0006
200.0,0.3,121.221906694787,0.13767225539036065,0.5,0.5,0.5,0.2,0.4,0.001,0.0006
200.0,0.3,282.53333224022776,0.15461797956267578,0.5,0.5,0.5,0.2,0.4,0.001,0.0006
200.0,0.3,198.67596058376557,0.159127335455855,0.5,0.5,0.5,0.2,0.4,0.001,0.0006
200.0,0.3,200.3666296638955,0.20630252405117036,0.5,0.5,0.5,0.2,0.4,0.001,0.0006
200.0,0.3,381.82086397909046,0.43219362112695364,0.5,0.5,0.5,0.2,0.4,0.001,0.0006
200.0,0.3,1041.957893241451,0.2547995457531375,0.5,0.5,0.5,0.2,0.4,0.001,0.0006
200.0,0.3,348.73455182818986,0.6668946192956454,0.5,0.5,0.5,0.2,0.4,0.001,0.0006
200.0,0.3,708.0878726184001,0.37031470198629934,0.5,0.5,0.5,0.2,0.4,0.001,0.0006
200.0,0.3,1100.0313524978117,0.10891104584691291,0.5,0.5,0.5,0.2,0.4,0.001,0.0006
200.0,0.3,577.0543711700223,0.22648956939816633,0.5,0.5,0.5,0.2,0.4,0.001,0.0006
200.0,0.3,125.75455155684848,0.10382702839381289,0.5,0.5,0.5,0.2,0.4,0.001,0.0006
200.0,0.3,523.8635130111602,0.8514141029488841,0.5,0.5,0.5,0.2,0.4,0.001,0.0006
200.0,0.3,312.8591443212477,0.6592969403126279,0.5,0.5,0.5,0.2,0.4,0.001,0.0006
200.0,0.3,1115.79075175847,0.38106529386059074,0.5,0.5,0.5,0.2,0.4,0.001,0.0006
200.0,0.3,260.32374172577744,0.458015507723629,0.5,0.5,0.5,0.2,0.4,0.001,0.0006
200.0,0.3,393.62359545111235,0.7877422857060749,0.5,0.5,0.5,0.2,0.4,0.001,0.0006
200.0,0.3,962.5004722082238,0.7526491145286569,0.5,0.5,0.5,0.2,0.4,0.001,0.0006
200.0,0.3,1012.0637234618118,0.3367977870403757,0.5,0.5,0.5,0.2,0.4,0.001,0.0006
200.0,0.3,876.3818306842088,0.534008491600141,0.5,0.5,0.5,0.2,0.4,0.001,0.0006
200.0,0.3,569.3000695617044,0.3791253630368509,0.5,0.5,0.5,0.2,0.4,0.001,0.0006
200.0,0.3,414.67793262899244,0.7372762460520931,0.5,0.5,0.5,0.2,0.4,0.001,0.0006
200.0,0.3,204.85499265900572,0.1988926997090153,0.5,0.5,0.5,0.2,0.4,0.001,0.0006
200.0,0.3,485.2010796720827,0.6199840134054536,0.5,0.5,0.5,0.2,0.4,0.001,0.0006
200.0,0.3,474.61691855894395,0.12842633978108325,0.5,0.5,0.5,0.2,0.4,0.001,0.0006
200.0,0.3,250.35722022058536,0.19968881266260388,0.5,0.5,0.5,0.2,0.4,0.001,0.0006
200.0,0.3,461.327929573657,0.4156361562888951,0.5,0.5,0.5,0.2,0.4,0.001,0.0006
200.0,0.3,90.47862884562983,0.22841858853879993,0.5,0.5,0.5,0.2,0.4,0.001,0.0006
200.0,0.3,1094.8461730965273,0.5107349025136164,0.5,0.5,0.5,0.2,0.4,0.001,0.0006
200.0,0.3,419.28834952061806,0.8536327424750385,0.5,0.5,0.5,0.2,0.4,0.001,0.0006
200.0,0.3,1091.424829384397,0.8973293177979323,0.5,0.5,0.5,0.2,0.4,0.001,0.0006
200.0,0.3,194.30342824686917,0.23692845601250348,0.5,0.5,0.5,0.2,0.4,0.001,0.0006
200.0,0.3,621.0950529578371,0.3240195660187043,0.5,0.5,0.5,0.2,0.4,0.001,0.0006
200.0,0.3,253.17547086368836,0.16872317105821938,0.5,0.5,0.5,0.2,0.4,0.001,0.0006
200.0,0.3,685.6696391077379,0.22301196936134532,0.5,0.5,0.5,0.2,0.4,0.001,0.0006
200.0,0.3,649.9755935560376,0.2788431925986385,0.5,0.5,0.5,0.2,0.4,0.001,0.0006
200.0,0.3,1101.684174798113,0.7992378099146111,0.5,0.5,0.5,0.2,0.4,0.001,0.0006
200.0,0.3,503.22590923625444,0.2848900462330324,0.5,0.5,0.5,0.2,0.4,0.001,0.0006
200.0,0.3,247.36351061993767,0.3565238897829901,0.5,0.5,0.5,0.2,0.4,0.001,0.0006
200.0,0.3,261.7774293935443,0.11083019228245075,0.5,0.5,0.5,0.2,0.4,0.001,0.0006
200.0,0.3,220.82962383270183,0.7989980148783813,0.5,0.5,0.5,0.2,0.4,0.001,0.0006
200.0,0.3,630.5261282399922,0.8683963252216594,0.5,0.5,0.5,0.2,0.4,0.001,0.0006
200.0,0.3,1022.350917183481,0.6294670024183384,0.5,0.5,0.5,0.2,0.4,0.001,0.0006
200.0,0.3,339.05089780682,0.8886978989732799,0.5,0.5,0.5,0.2,0.4,0.001,0.0006
200.0,0.3,844.5841687112458,0.721979424034815,0.5,0.5,0.5,0.2,0.4,0.001,0.0006
200.0,0.3,132.41211120625306,0.5946497591943332,0.5,0.5,0.5,0.2,0.4,0.001,0.0006
200.0,0.3,505.5336476137149,0.6423099524275111,0.5,0.5,0.5,0.2,0.4,0.001,0.0006
200.0,0.3,918.1536847540714,0.24674866513734328,0.5,0.5,0.5,0.2,0.4,0.001,0.0006
200.0,0.3,494.17362038564926,0.728076490435101,0.5,0.5,0.5,0.2,0.4,0.001,0.0006
200.0,0.3,444.3691702940788,0.8115078650640125,0.5,0.5,0.5,0.2,0.4,0.001,0.0006
200.0,0.3,1124.9267779159916,0.20262468507359124,0.5,0.5,0.5,0.2,0.4,0.001,0.0006
200.0,0.3,928.0727047406757,0.5935540635196642,0.5,0.5,0.5,0.2,0.4,0.001,0.0006
200.0,0.3,1044.6828773087102,0.8013025078048192,0.5,0.5,0.5,0.2,0.4,0.001,0.0006
200.0,0.3,721.7891221989588,0.7858215641760378,0.5,0.5,0.5,0.2,0.4,0.001,0.0006
200.0,0.3,996.9171666092976,0.6060669886128928,0.5,0.5,0.5,0.2,0.4,0.001,0.0006
200.0,0.3,101.37758194489174,0.4890119485887451,0.5,0.5,0.5,0.2,0.4,0.001,0.0006
200.0,0.3,431.23125409283494,0.44330643373257417,0.5,0.5,0.5,0.2,0.4,0.001,0.0006
200.0,0.3,157.93002426546084,0.13751535166753934,0.5,0.5,0.5,0.2,0.4,0.001,0.0006
200.0,0.3,241.21635654644894,0.1352724406251567,0.5,0.5,0.5,0.2,0.4,0.001,0.0006
200.0,0.3,411.68224323413233,0.6195272788834139,0.5,0.5,0.5,0.2,0.4,0.001,0.0006
200.0,0.3,83.10931885264226,0.31051729416102314,0.5,0.5,0.5,0.2,0.4,0.001,0.0006
200.0,0.3,406.1992147150019,0.6800222049948194,0.5,0.5,0.5,0.2,0.4,0.001,0.0006
200.0,0.3,579.415423235652,0.40199456980629,0.5,0.5,0.5,0.2,0.4,0.001,0.0006
200.0,0.3,1067.2597013683203,0.2963555067186026,0.5,0.5,0.5,0.2,0.4,0.001,0.0006
200.0,0.3,214.3095327407804,0.7478405617430511,0.5,0.5,0.5,0.2,0.4,0.001,0.0006
200.0,0.3,616.1346743449114,0.21558978038490137,0.5,0.5,0.5,0.2,0.4,0.001,0.0006
200.0,0.3,340.44101682428465,0.3220568523292512,0.5,0.5,0.5,0.2,0.4,0.001,0.0006
200.0,0.3,923.964931504437,0.892326508270795,0.5,0.5,0.5,0.2,0.4,0.001,0.0006
200.0,0.3,1135.5783820333245,0.5189603999243148,0.5,0.5,0.5,0.2,0.4,0.001,0.0006
200.0,0.3,583.8403494039238,0.5999903089887296,0.5,0.5,0.5,0.2,0.4,0.001,0.0006
200.0,0.3,361.92240884306653,0.36259757696302614,0.5,0.5,0.5,0.2,0.4,0.001,0.0006
200.0,0.3,124.01390251391595,0.7604382585920448,0.5,0.5,0.5,0.2,0.4,0.001,0.0006
200.0,0.3,533.2750857370526,0.2288510539302096,0.5,0.5,0.5,0.2,0.4,0.001,0.0006
200.0,0.3,505.4303416206923,0.8601792167012148,0.5,0.5,0.5,0.2,0.4,0.001,0.0006
200.0,0.3,762.3566326281706,0.6006757851796598,0.5,0.5,0.5,0.2,0.4,0.001,0.0006
200.0,0.3,335.6112238688708,0.3005552267883296,0.5,0.5,0.5,0.2,0.4,0.001,0.0006
200.0,0.3,942.574866178277,0.1608208793038748,0.5,0.5,0.5,0.2,0.4,0.001,0.0006
200.0,0.3,954.2174552299733,0.20756631191367161,0.5,0.5,0.5,0.2,0.4,0.001,0.0006
200.0,0.3,258.90314121872836,0.1655925173970454,0.5,0.5,0.5,0.2,0.4,0.001,0.0006
200.0,0.3,229.3500193307598,0.12914551265866062,0.5,0.5,0.5,0.2,0.4,0.001,0.0006
200.0,0.3,244.04310706394153,0.34248718636993214,0.5,0.5,0.5,0.2,0.4,0.001,0.0006
200.0,0.3,944.1045478800546,0.5277881347639155,0.5,0.5,0.5,0.2,0.4,0.001,0.0006
200.0,0.3,401.8019307345464,0.7763233318608922,0.5,0.5,0.5,0.2,0.4,0.001,0.0006
200.0,0.3,1173.821134946033,0.4629821435921268,0.5,0.5,0.5,0.2,0.4,0.001,0.0006
200.0,0.3,84.0738192402619,0.1493250795422159,0.5,0.5,0.5,0.2,0.4,0.001,0.0006
200.0,0.3,533.9540683190224,0.2761125647712059,0.5,0.5,0.5,0.2,0.4,0.001,0.0006
200.0,0.3,885.5383380441843,0.6532885025236882,0.5,0.5,0.5,0.2,0.4,0.001,0.0006
200.0,0.3,376.1776877746135,0.15301043882095328,0.5,0.5,0.5,0.2,0.4,0.001,0.0006
200.0,0.3,301.24121426922255,0.15101922828792536,0.5,0.5,0.5,0.2,0.4,0.001,0.0006
200.0,0.3,216.79563580078198,0.5062305005064455,0.5,0.5,0.5,0.2,0.4,0.001,0.0006
200.0,0.3,634.1565499039508,0.5565319812562433,0.5,0.5,0.5,0.2,0.4,0.001,0.0006
200.0,0.3,746.8202190142449,0.5142327831313221,0.5,0.5,0.5,0.2,0.4,0.001,0.0006
200.0,0.3,1160.3106947742035,0.6582131054352851,0.5,0.5,0.5,0.2,0.4,0.001,0.0006
200.0,0.3,923.3987945913076,0.5581965898531637,0.5,0.5,0.5,0.2,0.4,0.001,0.0006
200.0,0.3,302.2349224298111,0.5729367653339615,0.5,0.5,0.5,0.2,0.4,0.001,0.0006
200.0,0.3,833.5687269524269,0.4684812833202533,0.5,0.5,0.5,0.2,0.4,0.001,0.0006
200.0,0.3,1131.2440458863045,0.5750385151708991,0.5,0.5,0.5,0.2,0.4,0.001,0.0006
200.0,0.3,630.2584946142223,0.2128477435712357,0.5,0.5,0.5,0.2,0.4,0.001,0.0006
200.0,0.3,1015.3994401895673,0.48265438044414816,0.5,0.5,0.5,0.2,0.4,0.001,0.0006
200.0,0.3,296.22872680158025,0.6598893943874532,0.5,0.5,0.5,0.2,0.4,0.001,0.0006
200.0,0.3,1183.8561891711306,0.7135146473864972,0.5,0.5,0.5,0.2,0.4,0.001,0.0006
200.0,0.3,503.4989170199638,0.7018460164749402,0.5,0.5,0.5,0.2,0.4,0.001,0.0006
200.0,0.3,738.1402090112739,0.8428762596137703,0.5,0.5,0.5,0.2,0.4,0.001,0.0006
200.0,0.3,873.8274925945811,0.625875566447037,0.5,0.5,0.5,0.2,0.4,0.001,0.0006
200.0,0.3,1073.743559946047,0.1702469894687928,0.5,0.5,0.5,0.2,0.4,0.001,0.0006
200.0,0.3,200.76679551480487,0.8627495623653042,0.5,0.5,0.5,0.2,0.4,0.001,0.0006
200.0,0.3,499.2819335851844,0.3719339775266141,0.5,0.5,0.5,0.2,0.4,0.001,0.0006
200.0,0.3,599.7270146255779,0.10127583451080335,0.5,0.5,0.5,0.2,0.4,0.001,0.0006
200.0,0.3,666.7388600874613,0.14750461693696879,0.5,0.5,0.5,0.2,0.4,0.001,0.0006
200.0,0.3,998.8590627858438,0.7889894958454913,0.5,0.5,0.5,0.2,0.4,0.001,0.0006
200.0,0.3,130.1834119396958,0.11516809175977515,0.5,0.5,0.5,0.2,0.4,0.001,0.0006
200.0,0.3,944.9024327471725,0.8200337999522733,0.5,0.5,0.5,0.2,0.4,0.001,0.0006
200.0,0.3,495.60026372893395,0.827798440929935,0.5,0.5,0.5,0.2,0.4,0.001,0.0006
200.0,0.3,869.4312786959338,0.33081221948834366,0.5,0.5,0.5,0.2,0.4,0.001,0.0006
200.0,0.3,896.6227213300576,0.6371682880463432,0.5,0.5,0.5,0.2,0.4,0.001,0.0006
200.0,0.3,848.713233158824,0.11491124774616389,0.5,0.5,0.5,0.2,0.4,0.001,0.0006
200.0,0.3,745.1947889112856,0.6555754319529772,0.5,0.5,0.5,0.2,0.4,0.001,0.0006
200.0,0.3,188.9257622082578,0.24511382179711216,0.5,0.5,0.5,0.2,0.4,0.001,0.0006
200.0,0.3,139.38327858319266,0.2450223026402587,0.5,0.5,0.5,0.2,0.4,0.001,0.0006
200.0,0.3,63.564576925055135,0.6517746996140429,0.5,0.5,0.5,0.2,0.4,0.001,0.0006
200.0,0.3,564.1549729576686,0.40799195943120403,0.5,0.5,0.5,0.2,0.4,0.001,0.0006
200.0,0.3,89.39146096918151,0.8921582128884524,0.5,0.5,0.5,0.2,0.4,0.001,0.0006
200.0,0.3,112.64876582442562,0.2284769103988138,0.5,0.5,0.5,0.2,0.4,0.001,0.0006
200.0,0.3,422.1497123451037,0.42879363929372705,0.5,0.5,0.5,0.2,0.4,0.001,0.0006
200.0,0.3,93.84429820857325,0.30341625298383645,0.5,0.5,0.5,0.2,0.4,0.001,0.0006
200.0,0.3,548.8043973263854,0.637138722657693,0.5,0.5,0.5,0.2,0.4,0.001,0.0006
200.0,0.3,492.2921883387093,0.887752364171433,0.5,0.5,0.5,0.2,0.4,0.001,0.0006
200.0,0.3,1098.1623149092395,0.4907753480338318,0.5,0.5,0.5,0.2,0.4,0.001,0.0006
200.0,0.3,222.7807732774509,0.31492713935569716,0.5,0.5,0.5,0.2,0.4,0.001,0.0006
200.0,0.3,1159.0153765472646,0.738913106389397,0.5,0.5,0.5,0.2,0.4,0.001,0.0006
200.0,0.3,311.5092607650679,0.7816986697788314,0.5,0.5,0.5,0.2,0.4,0.001,0.0006
200.0,0.3,580.1401862293466,0.345265190542487,0.5,0.5,0.5,0.2,0.4,0.001,0.0006
200.0,0.3,143.66241734774073,0.5179220659670409,0.5,0.5,0.5,0.2,0.4,0.001,0.0006
200.0,0.3,797.4687462537416,0.8520470941606272,0.5,0.5,0.5,0.2,0.4,0.001,0.0006
200.0,0.3,333.3336967112488,0.5161091525040925,0.5,0.5,0.5,0.2,0.4,0.001,0.0006
200.0,0.3,586.2523753498704,0.8934891096723556,0.5,0.5,0.5,0.2,0.4,0.001,0.0006
200.0,0.3,568.2835985519235,0.6868415605449246,0.5,0.5,0.5,0.2,0.4,0.001,0.0006
200.0,0.3,871.3955863542099,0.8038864657450693,0.5,0.5,0.5,0.2,0.4,0.001,0.0006
200.0,0.3,1092.8306386768818,0.6355711462971216,0.5,0.5,0.5,0.2,0.4,0.001,0.0006
200.0,0.3,292.88452357167415,0.5389294755884314,0.5,0.5,0.5,0.2,0.4,0.001,0.0006
200.0,0.3,1177.3793749790075,0.18185583154230864,0.5,0.5,0.5,0.2,0.4,0.001,0.0006
200.0,0.3,1037.427360110246,0.6686465126082899,0.5,0.5,0.5,0.2,0.4,0.001,0.0006
200.0,0.3,1105.6812635471495,0.15755702471433894,0.5,0.5,0.5,0.2,0.4,0.001,0.0006
200.0,0.3,375.8731386099927,0.6370419503071201,0.5,0.5,0.5,0.2,0.4,0.001,0.0006
200.0,0.3,928.372758565168,0.4578145780272082,0.5,0.5,0.5,0.2,0.4,0.001,0.0006
200.0,0.3,743.1378892484314,0.6198383441959419,0.5,0.5,0.5,0.2,0.4,0.001,0.0006
200.0,0.3,332.0392610853435,0.5822509300154138,0.5,0.5,0.5,0.2,0.4,0.001,0.0006
200.0,0.3,1175.6937958995563,0.8762383778492883,0.5,0.5,0.5,0.2,0.4,0.001,0.0006
200.0,0.3,414.51729530414894,0.8640938993116695,0.5,0.5,0.5,0.2,0.4,0.001,0.0006
200.0,0.3,790.1947366958531,0.8900284732832059,0.5,0.5,0.5,0.2,0.4,0.001,0.0006
200.0,0.3,477.1446463813215,0.8979588533343308,0.5,0.5,0.5,0.2,0.4,0.001,0.0006
200.0,0.3,873.0845879764398,0.7240568088856055,0.5,0.5,0.5,0.2,0.4,0.001,0.0006
200.0,0.3,855.8633354966918,0.8928537041922037,0.5,0.5,0.5,0.2,0.4,0.001,0.0006
200.0,0.3,898.6634633858347,0.4561083453752451,0.5,0.5,0.5,0.2,0.4,0.001,0.0006
200.0,0.3,237.20506716434105,0.6333580595676455,0.5,0.5,0.5,0.2,0.4,0.001,0.0006
200.0,0.3,1163.0470343124834,0.6559481828649292,0.5,0.5,0.5,0.2,0.4,0.001,0.0006
200.0,0.3,166.5193991838156,0.44140268403226746,0.5,0.5,0.5,0.2,0.4,0.001,0.0006
200.0,0.3,667.4471789314379,0.2884707912219449,0.5,0.5,0.5,0.2,0.4,0.001,0.0006
200.0,0.3,999.1883703967012,0.32316777992564627,0.5,0.5,0.5,0.2,0.4,0.001,0.0006
200.0,0.3,851.1027737634979,0.5656978240610374,0.5,0.5,0.5,0.2,0.4,0.001,0.0006
200.0,0.3,336.1034811888001,0.3585028330633046,0.5,0.5,0.5,0.2,0.4,0.001,0.0006
200.0,0.3,874.3559220358329,0.46925112933610696,0.5,0.5,0.5,0.2,0.4,0.001,0.0006
200.0,0.3,599.3637310326284,0.14709154917707182,0.5,0.5,0.5,0.2,0.4,0.001,0.0006
200.0,0.3,1101.441472584497,0.25168321605194127,0.5,0.5,0.5,0.2,0.4,0.001,0.0006
200.0,0.3,749.7364461040668,0.6659416669405405,0.5,0.5,0.5,0.2,0.4,0.001,0.0006
200.0,0.3,315.23375125126375,0.7100579889027159,0.5,0.5,0.5,0.2,0.4,0.001,0.0006
200.0,0.3,530.2696251906084,0.12524564119330348,0.5,0.5,0.5,0.2,0.4,0.001,0.0006
200.0,0.3,591.991203504153,0.2529653981491546,0.5,0.5,0.5,0.2,0.4,0.001,0.0006
200.0,0.3,453.88208728389867,0.10869931620530018,0.5,0.5,0.5,0.2,0.4,0.001,0.0006
200.0,0.3,444.74677303702384,0.6142531001964913,0.5,0.5,0.5,0.2,0.4,0.001,0.0006
200.0,0.3,663.7462705637904,0.665879821681612,0.5,0.5,0.5,0.2,0.4,0.001,0.0006
200.0,0.3,990.8404418972221,0.6961186385603895,0.5,0.5,0.5,0.2,0.4,0.001,0.0006
200.0,0.3,371.7244302189563,0.31230968639652146,0.5,0.5,0.5,0.2,0.4,0.001,0.0006
200.0,0.3,1029.4919274081515,0.14858198075308904,0.5,0.5,0.5,0.2,0.4,0.001,0.0006
200.0,0.3,1133.3199564161844,0.6548528931477193,0.5,0.5,0.5,0.2,0.4,0.001,0.0006
200.0,0.3,1182.2768414536674,0.3726021585248215,0.5,0.5,0.5,0.2,0.4,0.001,0.0006
200.0,0.3,692.9007044869942,0.16482725530576703,0.5,0.5,0.5,0.2,0.4,0.001,0.0006
200.0,0.3,437.75358344115864,0.597691117883916,0.5,0.5,0.5,0.2,0.4,0.001,0.0006
200.0,0.3,782.5163263611569,0.5622571371018025,0.5,0.5,0.5,0.2,0.4,0.001,0.0006
200.0,0.3,1181.9798085709529,0.2793608321451286,0.5,0.5,0.5,0.2,0.4,0.001,0.0006
200.0,0.3,350.9843221182625,0.8144751750801544,0.5,0.5,0.5,0.2,0.4,0.001,0.0006
200.0,0.3,751.8782871087051,0.654160080515054,0.5,0.5,0.5,0.2,0.4,0.001,0.0006
200.0,0.3,939.2473663003349,0.5585813582990625,0.5,0.5,0.5,0.2,0.4,0.001,0.0006
200.0,0.3,471.741760666152,0.6458759110803719,0.5,0.5,0.5,0.2,0.4,0.001,0.0006
200.0,0.3,365.02201298990747,0.7214758168344755,0.5,0.5,0.5,0.2,0.4,0.001,0.0006
200.0,0.3,187.72981272377206,0.6651929768812819,0.5,0.5,0.5,0.2,0.4,0.001,0.0006
200.0,0.3,341.87447373459474,0.214003127260321,0.5,0.5,0.5,0.2,0.4,0.001,0.0006
200.0,0.3,1074.419418146699,0.6333168837934166,0.5,0.5,0.5,0.2,0.4,0.001,0.0006
200.0,0.3,503.25011998196305,0.8705073268847492,0.5,0.5,0.5,0.2,0.4,0.001,0.0006
200.0,0.3,819.9009326384952,0.693613914753736,0.5,0.5,0.5,0.2,0.4,0.001,0.0006
200.0,0.3,818.3815566774342,0.5189967570499542,0.5,0.5,0.5,0.2,0.4,0.001,0.0006
200.0,0.3,380.5556834196794,0.8268339629986259,0.5,0.5,0.5,0.2,0.4,0.001,0.0006
200.0,0.3,648.3875508110701,0.7253093041892553,0.5,0.5,0.5,0.2,0.4,0.001,0.0006
200.0,0.3,531.2084720564984,0.24779836340663897,0.5,0.5,0.5,0.2,0.4,0.001,0.0006
200.0,0.3,857.8621056094181,0.7308913569999531,0.5,0.5,0.5,0.2,0.4,0.001,0.0006
200.0,0.3,586.4574697910124,0.5598302555253968,0.5,0.5,0.5,0.2,0.4,0.001,0.0006
200.0,0.3,515.4353960190128,0.563257586339179,0.5,0.5,0.5,0.2,0.4,0.001,0.0006
200.0,0.3,84.71487143382916,0.20135698709621527,0.5,0.5,0.5,0.2,0.4,0.001,0.0006
200.0,0.3,713.081756193076,0.47950701695523973,0.5,0.5,0.5,0.2,0.4,0.001,0.0006
200.0,0.3,496.0328451546863,0.7215342235207978,0.5,0.5,0.5,0.2,0.4,0.001,0.0006
200.0,0.3,539.9332907578167,0.14413963867697577,0.5,0.5,0.5,0.2,0.4,0.001,0.0006
200.0,0.3,919.666168748634,0.24789659325903843,0.5,0.5,0.5,0.2,0.4,0.001,0.0006
200.0,0.3,311.94556128783927,0.5100682386453694,0.5,0.5,0.5,0.2,0.4,0.001,0.0006
200.0,0.3,242.01881731932383,0.41938284751483457,0.5,0.5,0.5,0.2,0.4,0.001,0.0006
200.0,0.3,593.5059833129521,0.8455962828482166,0.5,0.5,0.5,0.2,0.4,0.001,0.0006
200.0,0.3,362.65659492124985,0.23770479540289877,0.5,0.5,0.5,0.2,0.4,0.001,0.0006
200.0,0.3,709.6144199487774,0.3772673289827899,0.5,0.5,0.5,0.2,0.4,0.001,0.0006
200.0,0.3,434.8694158863599,0.7907997707256799,0.5,0.5,0.5,0.2,0.4,0.001,0.0006
200.0,0.3,107.64958103415881,0.7374566386922671,0.5,0.5,0.5,0.2,0.4,0.001,0.0006
200.0,0.3,180.21094983554605,0.562493657774917,0.5,0.5,0.5,0.2,0.4,0.001,0.0006
200.0,0.3,933.0749964427634,0.8741330993172698,0.5,0.5,0.5,0.2,0.4,0.001,0.0006
200.0,0.3,455.33865970147633,0.13721338442516712,0.5,0.5,0.5,0.2,0.4,0.001,0.0006
200.0,0.3,1024.4510621703844,0.45761095262030116,0.5,0.5,0.5,0.2,0.4,0.001,0.0006
200.0,0.3,380.411743183032,0.7177746405246563,0.5,0.5,0.5,0.2,0.4,0.001,0.0006
200.0,0.3,699.9619276086061,0.3531688696069469,0.5,0.5,0.5,0.2,0.4,0.001,0.0006
200.0,0.3,599.1507502937907,0.6291010188543357,0.5,0.5,0.5,0.2,0.4,0.001,0.0006
200.0,0.3,130.93910219769703,0.49125241889965576,0.5,0.5,0.5,0.2,0.4,0.001,0.0006
200.0,0.3,514.9289694847104,0.6877449005460847,0.5,0.5,0.5,0.2,0.4,0.001,0.0006
200.0,0.3,139.66290164175302,0.8789267551756681,0.5,0.5,0.5,0.2,0.4,0.001,0.0006
200.0,0.3,70.24042169006474,0.2977881833065163,0.5,0.5,0.5,0.2,0.4,0.001,0.0006
200.0,0.3,198.26811583813503,0.31066106912860897,0.5,0.5,0.5,0.2,0.4,0.001,0.0006
200.0,0.3,395.2725716327479,0.500177015990984,0.5,0.5,0.5,0.2,0.4,0.001,0.0006
200.0,0.3,1196.825489196479,0.3509061867872144,0.5,0.5,0.5,0.2,0.4,0.001,0.0006
200.0,0.3,950.3158743957399,0.5851503967011413,0.5,0.5,0.5,0.2,0.4,0.001,0.0006
200.0,0.3,479.53218549026496,0.12368177062198847,0.5,0.5,0.5,0.2,0.4,0.001,0.0006
200.0,0.3,1192.5771971210202,0.4294997925558388,0.5,0.5,0.5,0.2,0.4,0.001,0.0006
200.0,0.3,494.36654531862905,0.12876585536198154,0.5,0.5,0.5,0.2,0.4,0.001,0.0006
200.0,0.3,67.71457660559523,0.17547471425053784,0.5,0.5,0.5,0.2,0.4,0.001,0.0006
200.0,0.3,675.4783834305044,0.1285656843569865,0.5,0.5,0.5,0.2,0.4,0.001,0.0006
200.0,0.3,631.1949314796299,0.5740415430553957,0.5,0.5,0.5,0.2,0.4,0.001,0.0006
200.0,0.3,661.4980229886912,0.5132911541780735,0.5,0.5,0.5,0.2,0.4,0.001,0.0006
200.0,0.3,796.0434094346863,0.699967232834001,0.5,0.5,0.5,0.2,0.4,0.001,0.0006
200.0,0.3,643.8876904160288,0.8910446046029118,0.5,0.5,0.5,0.2,0.4,0.001,0.0006
200.0,0.3,98.30381613664754,0.34279974335620267,0.5,0.5,0.5,0.2,0.4,0.001,0.0006
200.0,0.3,1101.600083507129,0.39503421543310646,0.5,0.5,0.5,0.2,0.4,0.001,0.0006
200.0,0.3,183.8743319593699,0.5199840737635134,0.5,0.5,0.5,0.2,0.4,0.001,0.0006
200.0,0.3,658.3068439400361,0.20586251945153133,0.5,0.5,0.5,0.2,0.4,0.001,0.0006
200.0,0.3,991.5755684898842,0.4286596422763511,0.5,0.5,0.5,0.2,0.4,0.001,0.0006
200.0,0.3,1159.5263434577078,0.5062485714885236,0.5,0.5,0.5,0.2,0.4,0.001,0.0006
200.0,0.3,615.3053880760364,0.23693711801399886,0.5,0.5,0.5,0.2,0.4,0.001,0.0006
200.0,0.3,114.00271705312507,0.4975812315456416,0.5,0.5,0.5,0.2,0.4,0.001,0.0006
200.0,0.3,355.3934378714785,0.4605031981818195,0.5,0.5,0.5,0.2,0.4,0.001,0.0006
200.0,0.3,406.27245218038837,0.47135167788215154,0.5,0.5,0.5,0.2,0.4,0.001,0.0006
200.0,0.3,721.7555608992061,0.3487205997708618,0.5,0.5,0.5,0.2,0.4,0.001,0.0006
200.0,0.3,941.8063534443767,0.8504556808029845,0.5,0.5,0.5,0.2,0.4,0.001,0.0006
200.0,0.3,593.315298366342,0.6199961328311243,0.5,0.5,0.5,0.2,0.4,0.001,0.0006
200.0,0.3,672.332176633971,0.2091102270669965,0.5,0.5,0.5,0.2,0.4,0.001,0.0006
200.0,0.3,880.5111478991937,0.5207416886462565,0.5,0.5,0.5,0.2,0.4,0.001,0.0006
200.0,0.3,605.2214393667982,0.36462458793357055,0.5,0.5,0.5,0.2,0.4,0.001,0.0006
200.0,0.3,462.19132874238244,0.5727553733425067,0.5,0.5,0.5,0.2,0.4,0.001,0.0006
200.0,0.3,860.5924098466185,0.552392819252804,0.5,0.5,0.5,0.2,0.4,0.001,0.0006
200.0,0.3,745.0541900870966,0.5896827003643813,0.5,0.5,0.5,0.2,0.4,0.001,0.0006
200.0,0.3,892.630880419246,0.8672063627354261,0.5,0.5,0.5,0.2,0.4,0.001,0.0006
200.0,0.3,148.31833896293207,0.6142560927399613,0.5,0.5,0.5,0.2,0.4,0.001,0.0006
200.0,0.3,369.3566284358556,0.19508231232829865,0.5,0.5,0.5,0.2,0.4,0.001,0.0006
200.0,0.3,494.017838358881,0.5777406708094234,0.5,0.5,0.5,0.2,0.4,0.001,0.0006
200.0,0.3,895.010135189594,0.6253596117577576,0.5,0.5,0.5,0.2,0.4,0.001,0.0006
200.0,0.3,393.66729035399135,0.30680947689586713,0.5,0.5,0.5,0.2,0.4,0.001,0.0006
200.0,0.3,599.647214511362,0.6074942982839655,0.5,0.5,0.5,0.2,0.4,0.001,0.0006
200.0,0.3,657.5914636494674,0.22400205160223133,0.5,0.5,0.5,0.2,0.4,0.001,0.0006
200.0,0.3,617.4373238301159,0.87441281566386,0.5,0.5,0.5,0.2,0.4,0.001,0.0006
200.0,0.3,628.1771886001155,0.4531862134190651,0.5,0.5,0.5,0.2,0.4,0.001,0.0006
200.0,0.3,256.48339729523235,0.15994692560939427,0.5,0.5,0.5,0.2,0.4,0.001,0.0006
200.0,0.3,57.55070878366787,0.6689838667898778,0.5,0.5,0.5,0.2,0.4,0.001,0.0006
200.0,0.3,200.80355215420784,0.5408654816950571,0.5,0.5,0.5,0.2,0.4,0.001,0.0006
200.0,0.3,515.4975512274823,0.4523292177531409,0.5,0.5,0.5,0.2,0.4,0.001,0.0006
200.0,0.3,949.072325234442,0.31349561495270184,0.5,0.5,0.5,0.2,0.4,0.001,0.0006
200.0,0.3,893.558390343977,0.7246813291905352,0.5,0.5,0.5,0.2,0.4,0.001,0.0006
200.0,0.3,1059.7589507438813,0.14344692245377086,0.5,0.5,0.5,0.2,0.4,0.001,0.0006
200.0,0.3,970.2689696172445,0.6817462690165772,0.5,0.5,0.5,0.2,0.4,0.001,0.0006
200.0,0.3,252.7572522393331,0.5497346562714804,0.5,0.5,0.5,0.2,0.4,0.001,0.0006
200.0,0.3,276.7640064451751,0.5610792118392396,0.5,0.5,0.5,0.2,0.4,0.001,0.0006
200.0,0.3,873.1932823146996,0.30522471663152395,0.5,0.5,0.5,0.2,0.4,0.001,0.0006
200.0,0.3,674.128934725672,0.46177328550387087,0.5,0.5,0.5,0.2,0.4,0.001,0.0006
200.0,0.3,250.6954346316796,0.5456614431191092,0.5,0.5,0.5,0.2,0.4,0.001,0.0006
200.0,0.3,123.42357457336384,0.3821374053091927,0.5,0.5,0.5,0.2,0.4,0.001,0.0006
200.0,0.3,866.7129447613419,0.5457710249300093,0.5,0.5,0.5,0.2,0.4,0.001,0.0006
200.0,0.3,1160.7223621043013,0.1661138428163759,0.5,0.5,0.5,0.2,0.4,0.001,0.0006
200.0,0.3,586.1814647250353,0.8656477855801458,0.5,0.5,0.5,0.2,0.4,0.001,0.0006
200.0,0.3,924.9553486318122,0.5205036522116568,0.5,0.5,0.5,0.2,0.4,0.001,0.0006
200.0,0.3,1098.899739386104,0.300863858232899,0.5,0.5,0.5,0.2,0.4,0.001,0.0006
200.0,0.3,481.1635677249846,0.6622999296719064,0.5,0.5,0.5,0.2,0.4,0.001,0.0006
200.0,0.3,884.0411418546098,0.5722575655832695,0.5,0.5,0.5,0.2,0.4,0.001,0.0006
200.0,0.3,609.1615028335312,0.6406140239638379,0.5,0.5,0.5,0.2,0.4,0.001,0.0006
200.0,0.3,545.8341060832392,0.18343638043141441,0.5,0.5,0.5,0.2,0.4,0.001,0.0006
200.0,0.3,943.9518101436777,0.3984161041997716,0.5,0.5,0.5,0.2,0.4,0.001,0.0006
200.0,0.3,118.14492009738258,0.392082599914208,0.5,0.5,0.5,0.2,0.4,0.001,0.0006
200.0,0.3,291.2465868907214,0.7807483443432107,0.5,0.5,0.5,0.2,0.4,0.001,0.0006
200.0,0.3,813.8430910235222,0.13076401768179854,0.5,0.5,0.5,0.2,0.4,0.001,0.0006
200.0,0.3,76.21513517518318,0.5896046617908495,0.5,0.5,0.5,0.2,0.4,0.001,0.0006
200.0,0.3,103.34028996225577,0.41502178005734786,0.5,0.5,0.5,0.2,0.4,0.001,0.0006
200.0,0.3,627.4897193924867,0.44785149626845044,0.5,0.5,0.5,0.2,0.4,0.001,0.0006
200.0,0.3,636.3411744914945,0.4837133959307212,0.5,0.5,0.5,0.2,0.4,0.001,0.0006
200.0,0.3,642.0672303127994,0.3416876879886413,0.5,0.5,0.5,0.2,0.4,0.001,0.0006
200.0,0.3,403.7745134196432,0.16743146167976353,0.5,0.5,0.5,0.2,0.4,0.001,0.0006
200.0,0.3,269.9095748729911,0.19319486243721215,0.5,0.5,0.5,0.2,0.4,0.001,0.0006
200.0,0.3,941.5285739436409,0.1857523688607155,0.5,0.5,0.5,0.2,0.4,0.001,0.0006
200.0,0.3,984.538786023743,0.23998544451340723,0.5,0.5,0.5,0.2,0.4,0.001,0.0006
200.0,0.3,359.7520859549815,0.8686164803715807,0.5,0.5,0.5,0.2,0.4,0.001,0.0006
200.0,0.3,734.3813976578948,0.1759369738858415,0.5,0.5,0.5,0.2,0.4,0.001,0.0006
200.0,0.3,843.571426903142,0.1696487493690837,0.5,0.5,0.5,0.2,0.4,0.001,0.0006
200.0,0.3,174.97955416176842,0.2940374498370035,0.5,0.5,0.5,0.2,0.4,0.001,0.0006
200.0,0.3,1146.2417530935195,0.5413057092378394,0.5,0.5,0.5,0.2,0.4,0.001,0.0006
200.0,0.3,810.0034680209978,0.4783565338154673,0.5,0.5,0.5,0.2,0.4,0.001,0.0006
200.0,0.3,467.7358584569596,0.5861990522960218,0.5,0.5,0.5,0.2,0.4,0.001,0.0006
200.0,0.3,777.5148830659989,0.282123929966395,0.5,0.5,0.5,0.2,0.4,0.001,0.0006
200.0,0.3,139.1648500499091,0.5695626516477005,0.5,0.5,0.5,0.2,0.4,0.001,0.0006
200.0,0.3,307.44662520460906,0.8412818069324572,0.5,0.5,0.5,0.2,0.4,0.001,0.0006
200.0,0.3,751.4847464392624,0.42240842164377146,0.5,0.5,0.5,0.2,0.4,0.001,0.0006
200.0,0.3,1199.3717724537735,0.5502898934134254,0.5,0.5,0.5,0.2,0.4,0.001,0.0006
200.0,0.3,592.2484594340654,0.7711107627450071,0.5,0.5,0.5,0.2,0.4,0.001,0.0006
200.0,0.3,927.9140734165264,0.38548367032797926,0.5,0.5,0.5,0.2,0.4,0.001,0.0006
200.0,0.3,690.1341304779504,0.5279932295375901,0.5,0.5,0.5,0.2,0.4,0.001,0.0006
200.0,0.3,989.7017733284533,0.2065705166818651,0.5,0.5,0.5,0.2,0.4,0.001,0.0006
200.0,0.3,1029.7679580872766,0.3819329428487339,0.5,0.5,0.5,0.2,0.4,0.001,0.0006
200.0,0.3,696.2074224302045,0.339427930329747,0.5,0.5,0.5,0.2,0.4,0.001,0.0006
200.0,0.3,629.5283004581008,0.5532950761134366,0.5,0.5,0.5,0.2,0.4,0.001,0.0006
200.0,0.3,377.2332918133305,0.1505228986306907,0.5,0.5,0.5,0.2,0.4,0.001,0.0006
200.0,0.3,401.61950309054754,0.33284916260861463,0.5,0.5,0.5,0.2,0.4,0.001,0.0006
200.0,0.3,1076.9603503805533,0.5655370547473522,0.5,0.5,0.5,0.2,0.4,0.001,0.0006
200.0,0.3,338.28906006223554,0.171753630565458,0.5,0.5,0.5,0.2,0.4,0.001,0.0006
200.0,0.3,212.1842909927198,0.6720954903526172,0.5,0.5,0.5,0.2,0.4,0.001,0.0006
200.0,0.3,634.9122570430378,0.41144605860431116,0.5,0.5,0.5,0.2,0.4,0.001,0.0006
200.0,0.3,133.6261666228897,0.558210645802924,0.5,0.5,0.5,0.2,0.4,0.001,0.0006
200.0,0.3,967.2581997478891,0.3305287547244586,0.5,0.5,0.5,0.2,0.4,0.001,0.0006
200.0,0.3,293.1518264819749,0.8357699208517143,0.5,0.5,0.5,0.2,0.4,0.001,0.0006
200.0,0.3,835.9902953124065,0.6111327036275509,0.5,0.5,0.5,0.2,0.4,0.001,0.0006
200.0,0.3,612.6078375816545,0.3343444880571568,0.5,0.5,0.5,0.2,0.4,0.001,0.0006
200.0,0.3,688.1775535377668,0.6332004356990075,0.5,0.5,0.5,0.2,0.4,0.001,0.0006
200.0,0.3,483.82110649426096,0.34163702815084307,0.5,0.5,0.5,0.2,0.4,0.001,0.0006
200.0,0.3,901.0344508440155,0.6810974448682483,0.5,0.5,0.5,0.2,0.4,0.001,0.0006
200.0,0.3,163.85538076655334,0.1013550948600006,0.5,0.5,0.5,0.2,0.4,0.001,0.0006
200.0,0.3,361.63182673983783,0.1746909331570244,0.5,0.5,0.5,0.2,0.4,0.001,0.0006
