rhog,PCP_t1,ACC_t1,LWP_t1,IWP_t1,OLR_t1,OSR_t1,PCP_t2,ACC_t2,LWP_t2,IWP_t2,OLR_t2,OSR_t2,PCP_t3,ACC_t3,LWP_t3,IWP_t3,OLR_t3,OSR_t3,PCP_t4,ACC_t4,LWP_t4,IWP_t4,OLR_t4,OSR_t4,PCP_t5,ACC_t5,LWP_t5,IWP_t5,OLR_t5,OSR_t5,PCP_t6,ACC_t6,LWP_t6,IWP_t6,OLR_t6,OSR_t6
0.1,0.0,0.0,5.2193331718,0.0018584802,240.756072998,884.4897460938,3.7007136345,1.1866717339,7.5795035362,4.0210781097,156.131439209,755.2225341797,13.2063922882,4.2856545448,9.5261631012,8.4906005859,173.5121002197,738.995300293,21.8278179169,14.9030504227,7.7715716362,8.7170505524,194.3251953125,790.9061889648,13.3193368912,23.5517787933,5.2346320152,9.2915992737,202.6922607422,792.1236572266,8.2136774063,28.6038646698,5.9927449226,5.8208155632,219.4853363037,600.7264404297
0.109,0.0,0.0,5.2196502686,0.0015410727,240.7546386719,884.5844726562,3.6868131161,1.1857528687,7.5922284126,4.0092291832,156.0643615723,756.5747680664,13.1448936462,4.2844376564,9.456281662,8.5610551834,173.2886505127,740.9213256836,21.7852935791,14.8358221054,7.7599177361,8.7939100266,194.3226623535,792.9340209961,13.2767133713,23.4616451263,5.2357597351,9.3831071854,202.6555175781,794.0764160156,8.276468277,28.5114898682,6.0522203445,5.8537855148,219.4619750977,601.8350219727
0.118,0.0,0.0,5.2198710442,0.0013203936,240.7536621094,884.6545410156,3.6745731831,1.1849790812,7.5840444565,4.0180773735,156.0038299561,758.014465332,13.0425796509,4.2715792656,9.3793497086,8.6505594254,173.0729217529,742.8025512695,21.7382049561,14.7483663559,7.7490773201,8.892663002,194.3413085938,794.5802001953,13.2379865646,23.353427887,5.238360405,9.4860115051,202.6379547119,795.8050537109,8.3497629166,28.403383255,6.1207876205,5.8939299583,219.4349212646,602.580078125
0.127,0.0,0.0,5.2200312614,0.0011628447,240.7529602051,884.7006835938,3.6639738083,1.1843373775,7.590982914,4.0117530823,155.9485321045,759.2092285156,12.9941034317,4.2673883438,9.3182287216,8.7154684067,172.8779296875,744.4660644531,21.7087001801,14.686712265,7.7431669235,8.9604310989,194.2256622314,796.3781738281,13.2023334503,23.2762737274,5.2402534485,9.5613222122,202.6151580811,797.3770751953,8.4060869217,28.3250389099,6.1713843346,5.9223008156,219.4169311523,603.107421875
0.13599999999999998,0.0,0.0,5.2201461792,0.0010478219,240.7524414062,884.7360229492,3.65452528,1.183786869,7.5779790878,4.025200367,155.8976593018,760.4398803711,12.9041996002,4.2533249855,9.2532634735,8.7943935394,172.690032959,746.0391845703,21.6770877838,14.6108942032,7.7366099358,9.0435085297,194.1054840088,797.7466430664,13.1702899933,23.1855888367,5.2429103851,9.6509780884,202.5874328613,798.8516235352,8.4707698822,28.2350387573,6.2290692329,5.9552698135,219.3940734863,603.8301391602
0.14499999999999996,0.0,0.0,5.2202315331,0.000961979,240.7520294189,884.7597045898,3.6463274956,1.1833280325,7.5552034378,4.0482907295,155.848739624,761.6957397461,12.8019542694,4.2343406677,9.1840705872,8.8825960159,172.5179748535,747.6189575195,21.6402816772,14.5238285065,7.7313394547,9.135052681,194.047088623,798.946105957,13.1399288177,23.0853977203,5.2460832596,9.7466974258,202.5700683594,800.180480957,8.5411729813,28.1366481781,6.2919764519,5.9914116859,219.3688201904,604.8165893555
0.15399999999999997,0.0,0.0,5.2202959061,0.0008968517,240.751739502,884.77734375,3.6390616894,1.1829367876,7.5437779427,4.0600376129,155.8059387207,762.7750854492,12.7443084717,4.2224779129,9.1331920624,8.9453287125,172.3521575928,748.9574584961,21.6249294281,14.4651041031,7.7298073769,9.2211723328,193.0569763184,800.4615478516,13.1271715164,23.0202236176,5.2530126572,9.8068313599,202.5504150391,801.2657470703,8.6091604233,28.0780944824,6.333925724,6.0091724396,219.3545532227,605.0456542969
0.16299999999999998,0.0,0.0,5.2203474045,0.0008465952,240.7514953613,884.7902832031,3.6328442097,1.1826109886,7.5130462646,4.0909385681,155.7651062012,763.9351806641,12.6392097473,4.2009768486,9.0707321167,9.0294904709,172.1942901611,750.3285522461,21.5940494537,14.3834238052,7.7256541252,9.3074512482,192.9869689941,801.6928710938,13.1020059586,22.9272956848,5.256975174,9.896033287,202.5237731934,802.4438476562,8.6785573959,27.9881420135,6.391711235,6.0418558121,219.3317565918,605.6192016602
0.17199999999999996,0.0,0.0,5.220386982,0.0008072349,240.7513122559,884.8013916016,3.6272437572,1.1823247671,7.4933648109,4.1108145714,155.7193756104,765.0020141602,12.567647934,4.1860609055,9.0164861679,9.0987377167,172.0448303223,751.5912475586,21.5745029449,14.3170900345,7.7241516113,9.3729581833,192.851348877,802.7053833008,13.0781917572,22.8528995514,5.2599978447,9.9667100906,202.5074920654,803.501159668,8.7376031876,27.9157295227,6.4388523102,6.0675930977,219.3123168945,606.1639404297
0.18099999999999994,0.0,0.0,5.2204165459,0.0007760558,240.7511444092,884.8119506836,3.6224899292,1.1820905209,7.471765995,4.1325421333,155.6835479736,765.9375,12.5030527115,4.1701831818,8.9647941589,9.1664562225,171.8961486816,752.8184204102,21.5513076782,14.2514095306,7.7226080894,9.4414281845,192.7485961914,803.7213745117,13.0560789108,22.7796649933,5.2632646561,10.0368967056,202.4927520752,804.5238037109,8.7954463959,27.8445224762,6.4851593971,6.0929460526,219.2958068848,606.5541381836
0.18999999999999995,0.0,0.0,5.2204422951,0.0007510767,240.7510375977,884.8167114258,3.618052721,1.1818766594,7.4295239449,4.1748075485,155.6496582031,767.0545043945,12.3817691803,4.1433091164,8.8997974396,9.2587718964,171.7565155029,754.1185913086,21.5214443207,14.1600322723,7.7203474045,9.537322998,192.6702423096,804.7302856445,13.03586483,22.6800308228,5.2678003311,10.1315841675,202.4651794434,805.4422607422,8.8706169128,27.7497787476,6.546128273,6.1272940636,219.2729797363,607.3499145508
0.19899999999999995,0.0,0.0,5.2204647064,0.0007308169,240.7508850098,884.8228759766,3.6140654087,1.1816903353,7.4031710625,4.2012205124,155.6176757812,767.9658813477,12.3156356812,4.1252074242,8.8556413651,9.3212985992,171.6296691895,755.1950683594,21.5063972473,14.1001033783,7.7206535339,9.5966806412,192.5173187256,805.6117553711,13.0158987045,22.6148414612,5.271086216,10.1957731247,202.4469451904,806.3225708008,8.9263038635,27.6872119904,6.5874848366,6.1489467621,219.256149292,607.8720703125
0.20799999999999993,0.0,0.0,5.2204794884,0.0007142551,240.7508392334,884.8272094727,3.6109602451,1.1815395355,7.3874659538,4.2169752121,155.5872955322,768.8107299805,12.2706413269,4.1155152321,8.811331749,9.3752975464,171.5046234131,756.2667236328,21.4728069305,14.0466308594,7.717754364,9.6517429352,192.5692596436,806.3918457031,12.9993906021,22.5535049438,5.2744808197,10.2532691956,202.4364929199,807.1505126953,8.9784669876,27.6284866333,6.6263604164,6.1690421104,219.2431488037,608.2633666992
0.21699999999999992,0.0,0.0,5.2204899788,0.0007006521,240.7507476807,884.8296508789,3.6079552174,1.1814029217,7.3562479019,4.248187542,155.5697479248,769.6544799805,12.1952314377,4.0955681801,8.768579483,9.438372612,170.6361999512,757.3061523438,21.4560565948,13.9855880737,7.7180118561,9.7135467529,192.451751709,807.2186889648,12.9831104279,22.4877471924,5.2779984474,10.3152294159,202.4175262451,807.9246826172,9.0341415405,27.5659770966,6.6674070358,6.190967083,219.2286987305,608.5317382812
0.22599999999999992,0.0,0.0,5.220500946,0.0006893178,240.7507019043,884.8333129883,3.6054096222,1.1812845469,7.3334698677,4.2709617615,155.542175293,770.5368041992,12.1406869888,4.08192873,8.7284812927,9.4922857285,170.4972229004,758.2721557617,21.4364681244,13.9329423904,7.7181949615,9.765542984,192.4319915771,807.9502563477,12.9680681229,22.4303855896,5.2817134857,10.3701200485,202.3989562988,808.6646118164,9.0851364136,27.5115222931,6.7038521767,6.209274292,219.2185668945,608.8759765625
0.23499999999999993,0.0,0.0,5.2205123901,0.0006799008,240.7506256104,884.8363647461,3.6035006046,1.1811966896,7.3323206902,4.2721605301,155.5165557861,771.0957641602,12.1554555893,4.0806469917,8.7059049606,9.51603508,170.3463592529,759.6218261719,21.4219245911,13.9107151031,7.7193861008,9.787352562,192.3686981201,808.6779785156,12.9534254074,22.4049263,5.284011364,10.3926210403,202.3881988525,809.4188842773,9.1146364212,27.4862270355,6.7218294144,6.2167959213,219.2090759277,609.0392456055
0.2439999999999999,0.0,0.0,5.2205204964,0.0006719528,240.7505950928,884.8381347656,3.601556778,1.1811075211,7.3046250343,4.2998304367,155.484161377,771.9573364258,12.0869417191,4.0652270317,8.6658258438,9.5717458725,170.2226409912,760.5679931641,21.3970375061,13.8550376892,7.7188076973,9.8455371857,192.083770752,809.5180664062,12.9400863647,22.3444881439,5.2876138687,10.449924469,202.3759765625,810.0529174805,9.1674079895,27.4294490814,6.7594690323,6.2364640236,219.1956329346,609.4272460938
0.2529999999999999,0.0,0.0,5.2205243111,0.0006652302,240.7505340576,884.8408813477,3.5998413563,1.1810301542,7.2890286446,4.3154268265,155.4601745605,772.6196899414,12.0596313477,4.0558662415,8.6388921738,9.608165741,170.1409912109,761.4343261719,21.3692531586,13.8181581497,7.7180666924,9.8841600418,192.0545501709,810.0756225586,12.9273672104,22.3029899597,5.2908740044,10.4876775742,202.3540039062,810.7034301758,9.2068004608,27.3899288177,6.7863144875,6.2493495941,219.1863098145,609.6575927734
0.2619999999999999,0.0,0.0,5.2205290794,0.0006595657,240.7505187988,884.8421020508,3.598338604,1.1809620857,7.2691488266,4.3352832794,155.4347991943,773.3733520508,12.0158624649,4.0455613136,8.6132736206,9.6442241669,170.0563964844,762.2409667969,21.3523902893,13.7833805084,7.7187576294,9.914855957,192.0622406006,810.6994018555,12.9158391953,22.2649765015,5.2936601639,10.5219612122,202.3571624756,811.3013916016,9.243850708,27.3537731171,6.8110146523,6.2610211372,219.1800384521,609.9453125
0.2709999999999999,0.0,0.0,5.2205343246,0.000654713,240.7504882812,884.8422241211,3.5969657898,1.1809009314,7.2541213036,4.3503108025,155.412689209,774.0500488281,11.9869632721,4.0373449326,8.5866851807,9.6791086197,169.9720611572,763.0642089844,21.3253707886,13.7478599548,7.7185397148,9.9511241913,192.110458374,811.3302612305,12.9046430588,22.2254676819,5.2966551781,10.5605840683,202.3501434326,811.8925170898,9.2814874649,27.3164558411,6.8363037109,6.2732639313,219.1723480225,610.1213989258
0.2799999999999999,0.0,0.0,5.2205376625,0.0006505592,240.7504577637,884.8439941406,3.5957138538,1.1808465719,7.2384729385,4.3659787178,155.3914337158,774.6598510742,11.964263916,4.0285019875,8.5678853989,9.7069215775,169.8950958252,763.8146362305,21.3086357117,13.7209672928,7.7192869186,9.9772787094,192.0827941895,811.6883544922,12.8942995071,22.1960868835,5.2992773056,10.5874814987,202.3352966309,812.4442138672,9.3135595322,27.2886123657,6.8558244705,6.2817034721,219.1670074463,610.3914794922
0.28899999999999987,0.0,0.0,5.2205410004,0.0006470161,240.7504425049,884.8428344727,3.5946342945,1.1807980537,7.2250490189,4.3794083595,155.3709564209,775.3536987305,11.9365539551,4.0223059654,8.5437698364,9.7372684479,169.8186950684,764.581237793,21.2855854034,13.6905431747,7.719329834,10.009226799,192.0404205322,812.2326660156,12.8846216202,22.1623764038,5.3020782471,10.618768692,202.3355407715,812.9727172852,9.3471040726,27.2568588257,6.8774108887,6.2921237946,219.16015625,610.4697265625
0.2979999999999999,0.0,0.0,5.2205433846,0.0006439519,240.7503967285,884.8446655273,3.59360075,1.1807528734,7.2096295357,4.3948206902,155.3511810303,775.9370727539,11.9092311859,4.0136585236,8.5229253769,9.7669000626,169.7464904785,765.2984619141,21.2679309845,13.6615009308,7.7201991081,10.0368556976,191.949432373,812.735534668,12.8755226135,22.1310558319,5.3049650192,10.6469202042,202.3202819824,813.4827880859,9.379483223,27.2274627686,6.8980331421,6.3011040688,219.153503418,611.0372314453
0.3069999999999999,0.0,0.0,5.2205457687,0.0006413073,240.7503662109,884.846496582,3.5926499367,1.1807121038,7.1935596466,4.4109125137,155.3321838379,776.4619140625,11.8870639801,4.0055346489,8.5059528351,9.7921600342,169.6735534668,765.9868164062,21.2530136108,13.6371908188,7.7214989662,10.0593824387,192.0062866211,813.1891479492,12.867067337,22.1050643921,5.307466507,10.6689567566,202.3186798096,813.9697265625,9.4047088623,27.2025241852,6.9149565697,6.309196949,219.1474456787,611.2261352539
0.31599999999999984,0.0,0.0,5.2205481529,0.0006390259,240.7503509521,884.8483886719,3.5917978287,1.1806758642,7.1760072708,4.428507328,155.3154907227,777.1587524414,11.8541316986,3.9972901344,8.4854040146,9.8210887909,169.6000976562,766.6544189453,21.2400741577,13.6094942093,7.7232327461,10.0852680206,191.3361816406,813.7740478516,12.8592424393,22.0760154724,5.3105792999,10.6956377029,202.3177185059,814.4046630859,9.436879158,27.1757221222,6.9338679314,6.3172798157,219.1435089111,611.3843383789
0.32499999999999984,0.0,0.0,5.2205505371,0.0006370854,240.7503509521,884.8500976562,3.5910260677,1.1806434393,7.1590819359,4.4454717636,155.2977142334,777.7847900391,11.8270254135,3.9904639721,8.4641208649,9.8492841721,169.534286499,767.3312988281,21.2216281891,13.5815753937,7.7240376472,10.1122226715,191.2809906006,814.1599121094,12.8517665863,22.0461215973,5.3132982254,10.721367836,202.3098144531,814.8421630859,9.4665050507,27.1477584839,6.9528408051,6.326458931,219.1359710693,611.581237793
0.33399999999999985,0.0,0.0,5.2205524445,0.0006353635,240.7503356934,884.8496704102,3.590280056,1.180611372,7.1293625832,4.4746413231,155.280456543,778.2844238281,11.7907066345,3.9817950726,8.4437742233,9.8784456253,168.8965454102,767.9802246094,21.2073097229,13.5533275604,7.7252621651,10.14128685,191.253112793,814.5443725586,12.8447360992,22.0165958405,5.31590271,10.7486467361,202.3141784668,815.2382202148,9.4973888397,27.1205406189,6.9717459679,6.334985733,219.1331176758,611.7028808594
0.34299999999999986,0.0,0.0,5.2205548286,0.0006338815,240.7503051758,884.8473510742,3.589599371,1.180582881,7.1225347519,4.4817705154,155.2636108398,777.9127807617,11.7685852051,3.974190712,8.4262065887,9.9037656784,168.833190918,768.6018676758,21.1926116943,13.5287094116,7.7267403603,10.1635723114,191.1609344482,815.0133056641,12.8382606506,21.9908885956,5.3185696602,10.7720108032,202.3026275635,815.6781616211,9.5215473175,27.0962963104,6.9881711006,6.3430500031,219.1260681152,611.85546875
0.35199999999999987,0.0,0.0,5.2205557823,0.0006326018,240.7503051758,884.8488769531,3.5889759064,1.1805554628,7.1096901894,4.494579792,155.2373199463,778.4786376953,11.7375326157,3.9676587582,8.4084720612,9.9281177521,168.7676849365,769.1974487305,21.1829414368,13.5058679581,7.7289528847,10.1860151291,191.0843200684,815.5172729492,12.8321084976,21.9676494598,5.3210821152,10.7939605713,202.2949523926,816.0771484375,9.5472078323,27.0748310089,7.0030889511,6.3498215675,219.1232910156,611.9829711914
0.3609999999999998,0.0,0.0,5.220556736,0.0006314943,240.7503051758,884.8498535156,3.5883915424,1.1805310249,7.0854430199,4.5184283257,155.2216186523,779.9038696289,11.6907072067,3.9586026669,8.386551857,9.9592399597,168.7097930908,769.8007202148,21.1687507629,13.4755039215,7.7301168442,10.2152862549,191.1807250977,815.7196044922,12.8264636993,21.9363269806,5.3238239288,10.8223390579,202.2978210449,816.3890380859,9.5797777176,27.046421051,7.0226221085,6.3586611748,219.1159057617,612.1376342773
0.36999999999999983,0.0,0.0,5.220556736,0.0006305699,240.7502746582,884.8497314453,3.5879526138,1.1805099249,7.0837421417,4.5204572678,155.2063903809,779.4794311523,11.6829309464,3.9547638893,8.3765287399,9.9731712341,168.6479034424,770.3383178711,21.175535202,13.4641561508,7.7353439331,10.2209787369,191.1889343262,816.4091186523,12.8203620911,21.9276828766,5.3255023956,10.8296794891,202.289276123,816.7811889648,9.5935287476,27.0378170013,7.0295233727,6.3603973389,219.1164245605,612.27734375
0.37899999999999984,0.0,0.0,5.2205586433,0.0006297457,240.7502746582,884.8500366211,3.5874128342,1.1804872751,7.063079834,4.5407471657,155.191619873,780.8251342773,11.6952915192,3.9492807388,8.4068927765,9.9486780167,168.5879364014,770.5905761719,21.2200698853,13.4982652664,7.7454123497,10.1754989624,191.0397491455,816.530456543,12.8161525726,21.9704589844,5.3255372047,10.7856388092,202.2995147705,817.2335205078,9.5689687729,27.0752811432,7.006966114,6.3454618454,219.121887207,611.9841308594
0.3879999999999998,0.0,0.0,5.2205591202,0.0006290257,240.7502746582,884.8500366211,3.5869026184,1.1804671288,7.0650372505,4.5391335487,155.1789245605,780.2786865234,11.6877822876,3.9459662437,8.3998575211,9.9591169357,168.5316619873,771.0640869141,21.2243442535,13.4913578033,7.7494854927,10.1778345108,191.1184082031,816.817199707,12.8116044998,21.9657115936,5.3273806572,10.7892589569,202.2965545654,817.6048583984,9.5798244476,27.0705547333,7.0113558769,6.345656395,219.1219024658,612.0637207031
0.3969999999999998,0.0,0.0,5.2205600739,0.0006284228,240.7502441406,884.8511962891,3.586427927,1.1804471016,7.0332317352,4.5705060959,155.164855957,781.8106689453,11.6040277481,3.9325964451,8.3637247086,10.0088148117,168.4702911377,771.7005615234,21.1975517273,13.4402952194,7.7490510941,10.2301855087,190.9662628174,817.2426757812,12.8071918488,21.9121685028,5.3311982155,10.8394088745,202.2881622314,817.8521728516,9.626865387,27.0224227905,7.042781353,6.3628721237,219.1120605469,612.1976928711
0.4059999999999998,0.0,0.0,5.2205600739,0.0006279429,240.7502288818,884.8515014648,3.5860011578,1.1804298162,7.0336070061,4.5701575279,155.1512298584,782.0830688477,11.6128749847,3.9322197437,8.3633403778,10.0096006393,168.4169158936,772.1087036133,21.2072067261,13.4437150955,7.7541208267,10.2208919525,191.0389099121,817.4826660156,12.8033695221,21.9188079834,5.3321943283,10.8324251175,202.2879638672,818.1991577148,9.6301078796,27.0281124115,7.0407767296,6.3590197563,219.1131896973,612.2784423828
0.4149999999999998,0.0,0.0,5.2205610275,0.0006275119,240.7502288818,884.8502197266,3.5855789185,1.1804126501,7.0088009834,4.5948705673,155.1350860596,782.7063598633,11.529214859,3.9191348553,8.3307495117,10.0554733276,168.3632354736,772.7014160156,21.2008724213,13.3983221054,7.7568831444,10.2650117874,191.0133972168,817.890625,12.7987937927,21.8740787506,5.3353843689,10.8733873367,202.2878875732,818.4528808594,9.6668100357,26.9873332977,7.0670461655,6.3737444878,219.1054382324,612.3682250977
0.4239999999999998,0.0,0.0,5.2205610275,0.0006271456,240.7501983643,884.8521118164,3.5852897167,1.1803988218,6.9999036789,4.6037287712,155.1212463379,783.1696777344,11.4963417053,3.914837122,8.3090496063,10.0814685822,168.3098449707,773.2315673828,21.183506012,13.3721494675,7.7581591606,10.2913274765,190.9514923096,818.3075561523,12.7953042984,21.8472671509,5.3381638527,10.8983926773,202.2789306641,818.7241210938,9.6940555573,26.9633178711,7.0835623741,6.3814663887,219.1000061035,612.7893676758
0.4329999999999998,0.0,0.0,5.2205615044,0.0006268457,240.7501983643,884.8518066406,3.584908247,1.1803836823,7.0050177574,4.598985672,155.1086578369,782.5333251953,11.5031261444,3.913402319,8.304690361,10.0873165131,168.2588195801,773.6620483398,21.18409729,13.3689422607,7.7617001534,10.2897424698,190.9660339355,818.4067993164,12.7922744751,21.8463745117,5.3397922516,10.8978939056,202.2778778076,819.0302124023,9.7019081116,26.9623603821,7.0854415894,6.3805456161,219.1014099121,612.5695800781
0.4419999999999998,0.0,0.0,5.2205629349,0.000626599,240.7501983643,884.8518676758,3.5845508575,1.1803686619,6.9820871353,4.6215233803,155.0963439941,783.956237793,11.4492692947,3.9049179554,8.2843780518,10.1162490845,168.2064361572,774.1428222656,21.1914386749,13.3424682617,7.7665872574,10.3114185333,190.9116210938,818.7584228516,12.7886390686,21.8228664398,5.3420815468,10.91913414,202.2834320068,819.2779541016,9.7253923416,26.9410438538,7.099820137,6.3876237869,219.0971221924,612.6517944336
0.4509999999999998,0.0,0.0,5.2205638885,0.0006263924,240.7501983643,884.8521728516,3.5842177868,1.1803554296,6.9759702682,4.6276388168,155.084274292,784.2964477539,11.4346857071,3.9014632702,8.2724666595,10.1316604614,168.1579284668,774.5911254883,21.1863536835,13.3286628723,7.7697076797,10.3235282898,190.8699798584,818.6909179688,12.7860383987,21.8107013702,5.3440766335,10.9283781052,202.2704772949,819.5485229492,9.738694191,26.9298534393,7.1077270508,6.3910889626,219.0935058594,613.0209350586
0.45999999999999974,0.0,0.0,5.2205638885,0.000626259,240.7501983643,884.8521728516,3.583889246,1.1803424358,6.9748654366,4.6290564537,155.0725250244,783.7837524414,11.412027359,3.8970000744,8.2596006393,10.1490631104,168.1080932617,775.0298461914,21.1820240021,13.3129692078,7.7729306221,10.3337984085,190.9422912598,818.896484375,12.7837095261,21.7966880798,5.3463273048,10.9417486191,202.275177002,819.7906494141,9.7570714951,26.917547226,7.1170034409,6.3940224648,219.0897674561,613.1441040039
0.46899999999999975,0.0,0.0,5.2205629349,0.0006261399,240.7501983643,884.8493652344,3.5835974216,1.1803305149,6.9695401192,4.6343755722,155.0610351562,784.1227416992,11.3969373703,3.8942787647,8.2488613129,10.1625537872,168.0605926514,775.4539794922,21.179101944,13.3013629913,7.7762475014,10.3412370682,190.9390411377,819.0841064453,12.7815418243,21.7871170044,5.3481149673,10.9493703842,202.2691497803,820.0454711914,9.7683773041,26.9087905884,7.1232242584,6.396625042,219.0882110596,613.1913452148
0.47799999999999976,0.0,0.0,5.2205629349,0.0006260572,240.7501983643,884.8518676758,3.5832939148,1.1803182364,6.9541378021,4.6493930817,155.0400543213,785.5037841797,11.363114357,3.8894643784,8.2290687561,10.1871871948,168.0144805908,775.9196166992,21.1796741486,13.2776956558,7.7801914215,10.3624753952,190.8723297119,819.3636474609,12.7788095474,21.7659797668,5.3505473137,10.9679365158,202.272644043,820.2462768555,9.7920742035,26.890127182,7.1362857819,6.402408123,219.0843963623,613.3222045898
0.48699999999999977,0.0,0.0,5.2205634117,0.000626005,240.7501983643,884.8516235352,3.583086729,1.180308342,6.9510836601,4.6524591446,155.0290985107,785.778137207,11.3574876785,3.8883574009,8.2222366333,10.1951236725,167.9637451172,776.3073730469,21.1792526245,13.2718849182,7.7841892242,10.3644771576,190.8681640625,819.7045288086,12.7778053284,21.7627868652,5.3581767082,10.963596344,202.2643127441,820.2775878906,9.7350921631,26.8902244568,7.1360983849,6.4024734497,219.0831298828,613.3442993164
0.4959999999999998,0.0,0.0,5.2205634117,0.0006259716,240.7501983643,884.8513183594,3.5828139782,1.1802978516,6.9453454018,4.6584744453,155.018371582,785.3743286133,11.3108282089,3.8817439079,8.1988582611,10.2251787186,167.9191894531,776.7880249023,21.1602630615,13.2409763336,7.7850217819,10.3945713043,190.8395996094,819.8894042969,12.7787971497,21.731584549,5.3592162132,10.9949073792,202.2629547119,820.7966308594,9.7941684723,26.860704422,7.1561522484,6.4121084213,219.0778198242,613.4312133789
0.5049999999999998,0.0,0.0,5.2205629349,0.0006259664,240.7501983643,884.8518066406,3.5825550556,1.180288434,6.9347066879,4.6687874794,155.0078887939,786.5305786133,11.3099784851,3.8796935081,8.1960449219,10.2301073074,167.8760986328,777.1378173828,21.1789875031,13.2398233414,7.791724205,10.3885889053,190.7412414551,820.1154785156,12.7817850113,21.7360954285,5.3595275879,10.9886493683,202.2681884766,821.1972045898,9.8125085831,26.8637104034,7.1553196907,6.4100670815,219.0789794922,613.2268676758
0.5139999999999998,0.0,0.0,5.2205629349,0.0006260176,240.7501983643,884.8526611328,3.5823328495,1.1802793741,6.9256262779,4.6778478622,154.9975738525,786.8815307617,11.2841081619,3.8748402596,8.1852149963,10.24588871,167.8300018311,777.5223388672,21.1759929657,13.2257862091,7.7949228287,10.3990850449,190.7488861084,820.2645874023,12.7876319885,21.724401474,5.3608036041,11.0011062622,202.2628173828,821.4901123047,9.83689785,26.8530445099,7.1631808281,6.4127817154,219.0770874023,613.3051147461
0.5229999999999997,0.0,0.0,5.2205634117,0.000626053,240.7501831055,884.8524780273,3.5820977688,1.1802700758,6.929172039,4.6746459007,154.9875030518,786.2738037109,11.2779817581,3.8732955456,8.1798801422,10.2527961731,167.7860565186,777.8757324219,21.1761360168,13.2210626602,7.7989640236,10.4002733231,190.6770172119,820.6110229492,12.7958364487,21.7227554321,5.3726911545,10.9898729324,202.2704467773,820.5158691406,9.7058506012,26.8605003357,7.1560177803,6.4124565125,219.0760650635,613.501159668
0.5319999999999997,0.0,0.0,5.2205634117,0.0006260857,240.7501831055,884.8502197266,3.5818758011,1.1802616119,6.916510582,4.6872467995,154.9776306152,786.7419433594,11.2299537659,3.8667571545,8.1564760208,10.2828025818,167.7469177246,778.3342895508,21.1709346771,13.1910133362,7.801759243,10.428396225,190.7912750244,820.7498168945,12.8037052155,21.6947154999,5.3709282875,11.0209436417,202.2658538818,821.3516235352,9.7895956039,26.8310966492,7.1774320602,6.4204835892,219.0730743408,613.6300048828
0.5409999999999997,0.0,0.0,5.2205634117,0.0006261565,240.7501831055,884.8517456055,3.5816631317,1.1802533865,6.8996481895,4.7037353516,154.9679412842,788.0258178711,11.1999778748,3.86181283,8.1443786621,10.2999277115,167.7023620605,778.7094116211,21.1643466949,13.1750335693,7.804564476,10.4402589798,190.6465301514,821.0200195312,12.8148002625,21.6808338165,5.3701958656,11.0361423492,202.2651062012,821.9810180664,9.8414812088,26.8161334991,7.1883807182,6.4247369766,219.0691833496,613.7417602539
0.5499999999999997,0.0,0.0,5.2205629349,0.0006262415,240.7501831055,884.8531494141,3.5814499855,1.1802444458,6.8975191116,4.7058596611,154.9584503174,788.3215332031,11.1945199966,3.8604652882,8.1366348267,10.3090305328,167.6604309082,779.069519043,21.1577415466,13.1670198441,7.8072304726,10.4473371506,190.6854248047,821.1678466797,12.8263807297,21.6751251221,5.3926916122,11.0188426971,202.2570800781,819.8176269531,9.6568927765,26.8299026489,7.1736369133,6.4254875183,219.0672912598,613.6055297852
0.5589999999999997,0.0,0.0,5.2205629349,0.0006263326,240.7501831055,884.8519897461,3.5812375546,1.1802362204,6.9007778168,4.7029566765,154.9491424561,787.6412963867,11.1953687668,3.8586685658,8.1359758377,10.3115634918,167.6204986572,779.3727416992,21.1770496368,13.1683187485,7.8137464523,10.4388647079,190.4862060547,821.3471069336,12.8372211456,21.6827030182,5.3799891472,11.0239601135,201.954788208,821.5950927734,9.7577018738,26.8240299225,7.1827449799,6.4225182533,219.0673217773,613.8236083984
0.5679999999999997,0.0,0.0,5.2205629349,0.0006264686,240.7501831055,884.8515625,3.5810396671,1.180228591,6.8834257126,4.7199311256,154.9399871826,788.9274291992,11.1609182358,3.853249073,8.1159858704,10.3370389938,167.5820465088,779.7997436523,21.1546058655,13.1413946152,7.814365387,10.4654912949,190.4840087891,821.5935668945,12.8503608704,21.655670166,5.3777303696,11.0526695251,201.9464111328,822.4158325195,9.84126091,26.7950687408,7.2032408714,6.4311170578,219.0640258789,613.8341064453
0.5769999999999997,0.0,0.0,5.2205629349,0.0006265828,240.7501831055,884.8522338867,3.5808486938,1.1802209616,6.8770332336,4.726295948,154.9309997559,789.2928466797,11.1371431351,3.8500859737,8.1046438217,10.3515691757,167.5413970947,780.1528320312,21.1473731995,13.1279268265,7.8166446686,10.4760980606,190.4144897461,821.7540893555,12.8626422882,21.644329071,5.3946790695,11.0481119156,201.9521026611,820.871887207,9.7035102844,26.798833847,7.1964054108,6.4341926575,219.063369751,613.7780151367
0.5859999999999996,0.0,0.0,5.220562458,0.0006267147,240.7501831055,884.8533935547,3.580717802,1.1802150011,6.8775448799,4.7261142731,154.922164917,788.7276611328,11.1158914566,3.847230196,8.0934658051,10.3656320572,167.50390625,780.5067138672,21.1536998749,13.1156272888,7.8213100433,10.4843940735,190.5358276367,821.942199707,12.8782873154,21.6364021301,5.3838658333,11.0662708282,201.9454040527,822.4998779297,9.8257045746,26.7800045013,7.2132048607,6.4361386299,219.061340332,613.9136352539
0.5949999999999996,0.0,0.0,5.220562458,0.0006268432,240.7501831055,884.8532714844,3.580534935,1.1802073717,6.8718304634,4.7318382263,154.9101409912,788.904296875,11.1120014191,3.8446493149,8.0931882858,10.3685884476,167.4661865234,780.7829589844,21.1574134827,13.115398407,7.8254432678,10.4804458618,190.4976043701,822.1149291992,12.8935709,21.6403846741,5.3957409859,11.0523920059,201.9457855225,821.5075073242,9.7221975327,26.7934608459,7.2021632195,6.4335689545,219.0623016357,613.8801879883
0.6039999999999996,0.0,0.0,5.2205619812,0.0006269832,240.7501678467,884.8520507812,3.5803589821,1.180200696,6.8621582985,4.7411637306,154.9016571045,790.1198120117,11.1027145386,3.843300581,8.0831642151,10.3799533844,167.4263916016,781.2106933594,21.1620788574,13.1054620743,7.8295006752,10.4855384827,190.4333496094,822.270324707,12.9063386917,21.6344738007,5.4135537148,11.0388841629,201.9454956055,820.2995605469,9.6495475769,26.8028335571,7.1911220551,6.4351167679,219.0587463379,613.7810058594
0.6129999999999997,0.0,0.0,5.2205619812,0.0006271264,240.7501678467,884.8521118164,3.5801866055,1.1801943779,6.8534779549,4.7498064041,154.8933258057,790.4807739258,11.072552681,3.8388490677,8.0713911057,10.3962564468,167.3906402588,781.5410766602,21.155752182,13.0903587341,7.8317141533,10.4987716675,190.3592224121,822.4563598633,12.9242544174,21.6218738556,5.4160094261,11.0502595901,201.9420776367,820.3973388672,9.6525716782,26.7953090668,7.194770813,6.4390554428,219.0567321777,613.8292236328
0.6219999999999997,0.0,0.0,5.2205615044,0.0006272763,240.7501678467,884.8518066406,3.5800278187,1.1801877022,6.8494987488,4.7540712357,154.8850860596,790.0095825195,11.0324401855,3.8332591057,8.0540161133,10.4192962646,167.3552703857,781.8392333984,21.1390628815,13.0668258667,7.8323860168,10.5237197876,189.6320037842,822.67578125,12.9403123856,21.5991001129,5.4017424583,11.0866518021,201.9326782227,822.1516113281,9.756401062,26.7558345795,7.2274389267,6.4463248253,219.0524597168,614.0673217773
0.6309999999999997,0.0,0.0,5.2205615044,0.0006274592,240.7501678467,884.8518066406,3.579862833,1.1801812649,6.8446769714,4.758913517,154.8680114746,790.214050293,11.0310745239,3.8311378956,8.0515794754,10.4239215851,167.3171691895,782.2045288086,21.151638031,13.064825058,7.8377943039,10.5187759399,189.6272888184,822.8139038086,12.9574108124,21.6026992798,5.4189944267,11.0657997131,201.944229126,820.8211669922,9.6604681015,26.7791194916,7.2059011459,6.4442772865,219.0528106689,614.0184326172
0.6399999999999997,0.0,0.0,5.2205615044,0.0006276201,240.7501678467,884.8530273438,3.5797083378,1.180175066,6.8325424194,4.7706947327,154.8601226807,791.3942871094,11.0162820816,3.8288283348,8.0428447723,10.4349956512,167.2799224854,782.5227661133,21.1430187225,13.0544338226,7.8401260376,10.5269517899,189.7166137695,823.0716552734,12.9745597839,21.5947055817,5.4140748978,11.0785703659,201.9436035156,822.7180786133,9.7119503021,26.755853653,7.2270069122,6.4465236664,219.0509796143,614.1263427734
0.6489999999999997,0.0,0.0,5.2205615044,0.0006277859,240.7501678467,884.8533325195,3.5795593262,1.1801695824,6.8274211884,4.775788784,154.8523254395,791.7208251953,10.9964494705,3.8260564804,8.0339822769,10.4466762543,167.2463378906,782.8173828125,21.1543903351,13.0453147888,7.8447766304,10.5315303802,189.6270751953,823.1280517578,12.9899425507,21.5908088684,5.4199104309,11.0766735077,201.9426727295,822.3306884766,9.6784420013,26.7562160492,7.2260494232,6.4472794533,219.0511016846,614.0905761719
0.6579999999999997,0.0,0.0,5.2205615044,0.0006279559,240.7501678467,884.8529663086,3.5794262886,1.1801645756,6.8290748596,4.7744626999,154.8446502686,791.2066040039,10.9759941101,3.8234336376,8.0222940445,10.4610042572,167.2130126953,783.1447143555,21.1416034698,13.0309896469,7.8463931084,10.543636322,189.7279510498,823.3649291992,13.0071601868,21.5782432556,5.4339756966,11.0745820999,201.9361877441,821.3026733398,9.6187582016,26.7568798065,7.2214217186,6.4509835243,219.0478973389,614.0807495117
0.6669999999999996,0.0,0.0,5.2205610275,0.0006281331,240.7501525879,884.8524169922,3.5792858601,1.1801595688,6.8198204041,4.7837047577,154.8371582031,791.4155273438,10.9565629959,3.8192429543,8.0131912231,10.4744176865,167.1750488281,783.4666137695,21.1293373108,13.0176200867,7.8478107452,10.5570468903,189.5640258789,823.5826416016,13.023774147,21.5668754578,5.4142384529,11.1074695587,201.9363098145,823.5235595703,9.7713899612,26.7267093658,7.2489786148,6.4540495872,219.0453491211,614.2962646484
0.6759999999999996,0.0,0.0,5.2205610275,0.0006283094,240.7501525879,884.8522949219,3.5791506767,1.180153966,6.8052582741,4.7978959084,154.8297271729,792.6301879883,10.9307909012,3.8154418468,7.9995937347,10.4918622971,167.1425018311,783.7972412109,21.1292247772,13.0007772446,7.8505644798,10.5715427399,189.5876617432,823.6315917969,13.0352592468,21.5532646179,5.4362678528,11.0987854004,201.9261016846,821.7149047852,9.6392278671,26.7340717316,7.2371377945,6.4582886696,219.0443878174,614.2329711914
0.6849999999999996,0.0,0.0,5.2205610275,0.0006284752,240.7501525879,884.8529663086,3.5790197849,1.1801490784,6.7974567413,4.8056583405,154.8223724365,792.9635009766,10.9031467438,3.8115184307,7.9855923653,10.5098237991,167.1105957031,784.1294555664,21.1117649078,12.9820747375,7.851290226,10.588060379,189.5498046875,823.8259277344,13.0496110916,21.5353450775,5.4338841438,11.1192998886,201.9287261963,822.4088745117,9.6819105148,26.711894989,7.2543401718,6.4635367393,219.0388946533,614.3552856445
0.6939999999999996,0.0,0.0,5.2205605507,0.0006286689,240.7501525879,884.8529052734,3.5788853168,1.180143714,6.8047380447,4.7987518311,154.8152008057,792.2364501953,10.9186658859,3.8120017052,7.99214077,10.5028429031,167.0791320801,784.330078125,21.1390266418,12.9940023422,7.8586950302,10.569103241,189.5726013184,823.9389038086,13.0655164719,21.5556182861,5.4259843826,11.1055383682,201.9309387207,823.3880004883,9.7109136581,26.7216758728,7.250954628,6.4570307732,219.0439910889,614.3201904297
0.7029999999999996,0.0,0.0,5.2205605507,0.000628839,240.7501525879,884.853515625,3.5788018703,1.1801396608,6.794962883,4.8084888458,154.8081207275,792.5746459961,10.8823843002,3.807659626,7.9782848358,10.5211038589,167.0442810059,784.6372070312,21.1267681122,12.9758367538,7.8599019051,10.5863256454,189.5657501221,824.0841674805,13.0754375458,21.5389881134,5.4248862267,11.1253261566,201.9115600586,823.7889404297,9.7460174561,26.7043094635,7.2634892464,6.4619817734,219.0395050049,614.3949584961
0.7119999999999996,0.0,0.0,5.2205605507,0.0006289978,240.7501525879,884.8534545898,3.5786738396,1.1801351309,6.7806787491,4.8223996162,154.8011169434,793.8084716797,10.8568305969,3.8039855957,7.9638543129,10.5392332077,167.0103607178,784.9656982422,21.1244506836,12.9579086304,7.8623747826,10.602306366,189.5488128662,824.1889038086,13.0879144669,21.5240859985,5.449441433,11.1156702042,201.9266052246,821.3130493164,9.5355949402,26.7318496704,7.2318239212,6.4658470154,219.0392150879,614.1492919922
0.7209999999999996,0.0,0.0,5.2205600739,0.0006291759,240.7501525879,884.8542480469,3.5785553455,1.1801304817,6.7734131813,4.8296394348,154.8001556396,794.1099853516,10.8308782578,3.8003044128,7.9515047073,10.5553216934,166.9789428711,785.2754516602,21.1088581085,12.9412994385,7.8632779121,10.6185426712,189.5487213135,824.3882446289,13.1005191803,21.5086898804,5.4416899681,11.1387529373,201.9283752441,823.2305908203,9.6774168015,26.6880493164,7.2713580132,6.4705262184,219.0341491699,614.541015625
0.7299999999999995,0.0,0.0,5.2205600739,0.0006293505,240.7501220703,884.8542480469,3.5784356594,1.1801253557,6.7786030769,4.8248157501,154.7933502197,793.3600463867,10.8393211365,3.8000788689,7.9544301033,10.5526800156,166.9491271973,785.4844970703,21.1297569275,12.9478216171,7.8698120117,10.604019165,189.5309906006,824.4999389648,13.1121692657,21.5223121643,5.4554133415,11.1115465164,201.9208374023,822.1118164062,9.5569782257,26.7186851501,7.2452392578,6.4657535553,219.0360717773,614.3064575195
0.7389999999999995,0.0,0.0,5.220559597,0.0006295269,240.7501220703,884.8535766602,3.578322649,1.180121541,6.7713646889,4.8320250511,154.7866516113,793.6717529297,10.8134307861,3.7964577675,7.9445977211,10.5661945343,166.9149017334,785.7897338867,21.1216812134,12.9350004196,7.8717417717,10.6159687042,189.4954986572,824.7173461914,13.1235923767,21.511926651,5.4459433556,11.1317071915,201.9193267822,823.5367431641,9.6559944153,26.6909255981,7.2701482773,6.4688401222,219.0336303711,614.5087280273
0.7479999999999996,0.0,0.0,5.220559597,0.0006297088,240.7501220703,884.8537597656,3.5782120228,1.1801171303,6.7575206757,4.8454937935,154.7800445557,794.8915405273,10.7900953293,3.7930967808,7.9306049347,10.5835895538,166.884979248,786.1022949219,21.1004657745,12.9160785675,7.8711853027,10.6354026794,189.4826812744,824.7490234375,13.1353740692,21.4933319092,5.4532032013,11.1440858841,201.9174346924,823.2268676758,9.636967659,26.6791801453,7.2765517235,6.4741969109,219.0313110352,614.5709228516
0.7569999999999996,0.0,0.0,5.220559597,0.0006298863,240.7501220703,884.8533325195,3.5780992508,1.180112958,6.750538826,4.8524475098,154.7735443115,795.1916503906,10.7650594711,3.7895724773,7.9193315506,10.5984277725,166.8559570312,786.3920288086,21.103559494,12.9022474289,7.8747215271,10.6457862854,189.469833374,824.8801269531,13.1463060379,21.4834251404,5.4486699104,11.1574478149,201.916519165,822.7592773438,9.5835618973,26.6894397736,7.2628960609,6.4774680138,219.0294036865,614.3786621094
0.7659999999999996,0.0,0.0,5.2205591202,0.0006300854,240.7501220703,884.8540039062,3.5779926777,1.180108428,6.7548761368,4.8484592438,154.7671051025,794.5073242188,10.7603960037,3.7883074284,7.9172501564,10.6018323898,166.8273162842,786.6201782227,21.102230072,12.9005346298,7.8776874542,10.6443710327,189.4610290527,824.9898071289,13.1582574844,21.4851646423,5.4712095261,11.1324005127,201.9181518555,822.3865966797,9.5429849625,26.6854343414,7.2681794167,6.4762744904,219.0288085938,614.5765380859
0.7749999999999996,0.0,0.0,5.2205591202,0.0006302691,240.7501220703,884.8532104492,3.5778894424,1.1801047325,6.7462058067,4.8571195602,154.7608032227,794.6990356445,10.7427349091,3.7845828533,7.9110364914,10.6118631363,166.7969818115,786.8739013672,21.1122531891,12.8925914764,7.8822126389,10.6482686996,189.4519805908,825.1134033203,13.1690654755,21.4825057983,5.4655690193,11.1411085129,201.9072723389,823.2405395508,9.5770635605,26.6752300262,7.2776699066,6.4770708084,219.0296020508,614.6958007812
0.7839999999999996,0.0,0.0,5.2205586433,0.0006304484,240.7501068115,884.8519287109,3.5778169632,1.1801022291,6.7361550331,4.8668236732,154.7545471191,795.8585205078,10.7355470657,3.7834322453,7.9068155289,10.6172494888,166.7667541504,787.1095581055,21.1052951813,12.8879270554,7.8843793869,10.6505594254,189.4032592773,825.2467651367,13.1785001755,21.4806365967,5.4715619087,11.1370038986,201.9102020264,822.7498168945,9.5248775482,26.6847953796,7.2679576874,6.4771089554,219.0286254883,614.533996582
0.7929999999999996,0.0,0.0,5.2205586433,0.0006306281,240.7501068115,884.8524169922,3.5777261257,1.1800980568,6.7294363976,4.8735070229,154.7483978271,796.1522827148,10.71098423,3.7801084518,7.8969759941,10.6304683685,166.7353515625,787.3739013672,21.1127548218,12.8764305115,7.8883976936,10.6576309204,189.463180542,825.3441772461,13.1923065186,21.4736499786,5.4586472511,11.1577453613,201.9004516602,823.2875366211,9.5388698578,26.6906986237,7.2601685524,6.4788804054,219.0279083252,614.4586791992
0.8019999999999996,0.0,0.0,5.2205586433,0.0006308128,240.7501068115,884.8524780273,3.5776259899,1.1800942421,6.7301006317,4.8731598854,154.7389678955,795.5552368164,10.6892709732,3.7769954205,7.8852128983,10.6453819275,166.7084503174,787.6535644531,21.095659256,12.8605899811,7.8886733055,10.6735773087,189.3776245117,825.4945068359,13.2027130127,21.4589366913,5.4860267639,11.1458597183,201.8993835449,822.1752929688,9.459856987,26.6777820587,7.2685189247,6.4836091995,219.0227203369,614.5411376953
0.8109999999999995,0.0,0.0,5.2205581665,0.0006309926,240.7501068115,884.8526000977,3.5775263309,1.1800905466,6.7275056839,4.8757681847,154.7330169678,795.7319946289,10.6875801086,3.7760722637,7.8844752312,10.6470890045,166.6814422607,787.8640136719,21.1109027863,12.8617744446,7.8941841125,10.6660900116,189.3811035156,825.5902099609,13.1990442276,21.4653816223,5.4742517471,11.1498069763,201.8957366943,822.8956298828,9.4700670242,26.6873054504,7.2618160248,6.4806900024,219.0258483887,614.5029907227
0.8199999999999995,0.0,0.0,5.2205581665,0.0006311601,240.7501068115,884.8524780273,3.577432394,1.180087328,6.7210645676,4.8821787834,154.7271118164,796.014831543,10.6643047333,3.772865057,7.8720173836,10.6628007889,166.6500091553,788.1502685547,21.0905761719,12.8445930481,7.8939013481,10.6840343475,189.3724060059,825.7239379883,13.2095375061,21.4487285614,5.4791913033,11.1627874374,201.8929138184,823.7249145508,9.5704917908,26.6499919891,7.2942347527,6.4859142303,219.020980835,614.7669067383
0.8289999999999995,0.0,0.0,5.2205581665,0.0006313399,240.7501068115,884.8520507812,3.5773422718,1.1800835133,6.7079205513,4.8949542046,154.7091064453,797.224609375,10.6429519653,3.7698476315,7.8596072197,10.6782455444,166.6235351562,788.4312133789,21.0886039734,12.82924366,7.896484375,10.6987419128,189.3596954346,825.9161376953,13.2207727432,21.4362335205,5.492770195,11.1605758667,201.8961486816,822.6007080078,9.4460802078,26.6606483459,7.2797045708,6.4896068573,219.0188140869,614.6249389648
0.8379999999999995,0.0,0.0,5.2205576897,0.000631543,240.7501068115,884.8521728516,3.5772793293,1.1800804138,6.7094054222,4.893819809,154.7033996582,796.4871826172,10.6338262558,3.7681369781,7.8605070114,10.6791257858,166.5962219238,788.6099243164,21.0946979523,12.8311777115,7.9006204605,10.6912603378,189.3557281494,825.9483642578,13.2319030762,21.4431247711,5.4897966385,11.1574821472,201.893447876,823.4997558594,9.5096635818,26.6548862457,7.2884745598,6.48670578,219.0214080811,614.7330322266
0.8469999999999995,0.0,0.0,5.2205576897,0.0006317218,240.7501068115,884.8517456055,3.5771973133,1.1800769567,6.7060418129,4.8971610069,154.6976928711,796.8072509766,10.6126651764,3.7658071518,7.8466677666,10.6952953339,166.5679473877,788.8897705078,21.0913791656,12.8149051666,7.9028096199,10.7054300308,189.3390045166,826.0713500977,13.2418689728,21.4297580719,5.4974908829,11.163728714,201.9003448486,823.3173828125,9.4787693024,26.646194458,7.2929611206,6.4909162521,219.0190429688,614.7528686523
0.8559999999999995,0.0,0.0,5.2205572128,0.0006319007,240.7501068115,884.8524169922,3.5771110058,1.1800738573,6.6959562302,4.9072055817,154.6920623779,797.0812988281,10.5792636871,3.7609934807,7.8317527771,10.7150506973,166.5450134277,789.1802978516,21.0678405762,12.7930526733,7.9019589424,10.727514267,189.3811035156,826.1740112305,13.2567195892,21.4077472687,5.503174305,11.179441452,201.8896789551,823.3149414062,9.4421672821,26.6536312103,7.2789564133,6.4972848892,219.0145721436,614.7698974609
0.8649999999999995,0.0,0.0,5.2205572128,0.0006320837,240.7501068115,884.8524169922,3.5770289898,1.1800707579,6.6868634224,4.9159574509,154.6865539551,798.1735229492,10.5806617737,3.7605960369,7.8354039192,10.7118692398,166.5124053955,789.3382568359,21.09375,12.800868988,7.9091024399,10.7127027512,189.3668212891,826.2583618164,13.27110672,21.4235534668,5.526204586,11.140789032,201.887878418,821.6972045898,9.3824062347,26.668214798,7.2698845863,6.4917397499,219.0189056396,614.5396728516
0.8739999999999994,0.0,0.0,5.220556736,0.0006322613,240.7501068115,884.8524169922,3.5769438744,1.1800675392,6.68080616,4.9219918251,154.6810760498,798.4459838867,10.5588111877,3.7576019764,7.823618412,10.7266616821,166.4872894287,789.6046142578,21.0738830566,12.7845811844,7.9089627266,10.7316036224,189.3082122803,826.4600830078,13.2746706009,21.4072952271,5.5039505959,11.1791553497,201.8941802979,823.5911254883,9.4535226822,26.635717392,7.2975525856,6.4968276024,219.0129852295,614.8020019531
0.8829999999999995,0.0,0.0,5.220556736,0.0006324382,240.7501068115,884.8525390625,3.5768632889,1.1800647974,6.6818232536,4.9212918282,154.6756744385,797.8088989258,10.5373563766,3.7546718121,7.8115282059,10.7417030334,166.461227417,789.8688354492,21.0707836151,12.7693939209,7.9109578133,10.7435121536,189.3037414551,826.510925293,13.2772903442,21.3950042725,5.511929512,11.1833639145,201.8896942139,823.4553222656,9.4387655258,26.6247768402,7.3045039177,6.5008864403,219.0120697021,614.8450927734
0.8919999999999995,0.0,0.0,5.220556736,0.0006326151,240.7501068115,884.8526611328,3.5767822266,1.1800614595,6.6808433533,4.9222869873,154.6703491211,797.9592285156,10.5431575775,3.7545275688,7.8134770393,10.739941597,166.436630249,790.0490112305,21.0708007812,12.7728538513,7.9143042564,10.7359685898,189.2443237305,826.6083374023,13.2922477722,21.4027023315,5.524585247,11.1627674103,201.8898162842,822.8945922852,9.3628454208,26.6405925751,7.2914857864,6.498087883,219.0112915039,614.8044433594
0.9009999999999995,0.0,0.0,5.2205562592,0.0006327961,240.7501068115,884.8517456055,3.57670331,1.1800583601,6.6642069817,4.9385390282,154.6650695801,799.1522827148,10.5125551224,3.7500312328,7.802544117,10.7554559708,166.4122009277,790.2901000977,21.0744190216,12.7583208084,7.9174175262,10.749786377,189.3236999512,826.9342041016,13.300122261,21.3918933868,5.5225639343,11.1764268875,201.8853607178,823.2066040039,9.3793325424,26.6308727264,7.29834795,6.5008611679,219.0115966797,614.8353881836
0.9099999999999995,0.0,0.0,5.2205562592,0.0006329714,240.7501068115,884.8524169922,3.5766291618,1.1800554991,6.6583948135,4.9443297386,154.6587371826,799.4128417969,10.490945816,3.7471358776,7.7954750061,10.7654857635,166.3831634521,790.4999389648,21.0681266785,12.7490329742,7.9194431305,10.7553815842,189.2358856201,827.0433959961,13.3153343201,21.3856658936,5.5172886848,11.1881570816,201.8741760254,823.533996582,9.3819913864,26.6285457611,7.2986226082,6.5030374527,219.0095214844,614.7962646484
0.9189999999999995,0.0,0.0,5.2205557823,0.0006331641,240.7501068115,884.8534545898,3.5765571594,1.1800533533,6.652657032,4.9500551224,154.6535797119,799.6701049805,10.4706430435,3.7443447113,7.783718586,10.7800617218,166.3596954346,790.7654418945,21.0624656677,12.7338628769,7.9211435318,10.7690677643,189.2615661621,827.1441650391,13.3219308853,21.3725948334,5.5251297951,11.1939334869,201.8853302002,823.2119140625,9.3501472473,26.6231250763,7.3003344536,6.5066666603,219.0058746338,615.0805053711
0.9279999999999995,0.0,0.0,5.2205557823,0.0006333432,240.7501068115,884.8533935547,3.5764911175,1.1800507307,6.6556243896,4.9474124908,154.6484832764,799.0072631836,10.452753067,3.7423636913,7.7749371529,10.7908344269,166.3353729248,790.9916992188,21.0505275726,12.7228517532,7.9222283363,10.7789430618,189.2766571045,827.2365112305,13.3364953995,21.3637142181,5.5286574364,11.19835186,201.8786621094,823.1931762695,9.3389310837,26.6177749634,7.3030943871,6.5092787743,219.0041809082,615.0686035156
0.9369999999999995,0.0,0.0,5.2205557823,0.0006335162,240.7501068115,884.8533935547,3.5764229298,1.1800476313,6.6508564949,4.9521837234,154.6434783936,799.0980834961,10.4544010162,3.7410140038,7.7789254189,10.7882890701,166.3087921143,791.1353149414,21.0731086731,12.7293777466,7.9287199974,10.7658014297,189.2286529541,827.3207397461,13.3451499939,21.3775672913,5.5311026573,11.1825399399,201.8753051758,823.2086181641,9.3107175827,26.6336975098,7.2920160294,6.5043754578,219.0092163086,614.76171875
0.9459999999999995,0.0,0.0,5.2205553055,0.0006336758,240.7501068115,884.8529052734,3.5763530731,1.1800452471,6.6389007568,4.9637680054,154.6384735107,800.3381347656,10.4288301468,3.7383031845,7.7648534775,10.8050842285,166.2875213623,791.4001464844,21.0669651031,12.7119321823,7.9305706024,10.7819700241,189.2261352539,827.5372924805,13.356962204,21.3624458313,5.5415372849,11.1880836487,201.8647155762,822.8440551758,9.2934751511,26.6231098175,7.2980222702,6.5089507103,219.0055541992,615.0635986328
0.9549999999999994,0.0,0.0,5.2205553055,0.0006338478,240.7501068115,884.8538208008,3.5762827396,1.1800429821,6.6333885193,4.9692583084,154.6335144043,800.5816650391,10.4079942703,3.735558033,7.754699707,10.8180141449,166.2573699951,791.6323852539,21.0515785217,12.6981706619,7.9308834076,10.7946205139,189.2541656494,827.5151367188,13.3645000458,21.349855423,5.5536613464,11.1883029938,201.8666229248,822.5244140625,9.3027477264,26.6375026703,7.2802190781,6.5121903419,219.0023498535,614.9200439453
0.9639999999999994,0.0,0.0,5.2205548286,0.0006340239,240.7501068115,884.8536376953,3.5762131214,1.1800397635,6.6350750923,4.9678969383,154.6286468506,799.9127807617,10.3897781372,3.7329924107,7.7441987991,10.8311100006,166.2345123291,791.8766479492,21.0478820801,12.6847476959,7.9326791763,10.8070840836,189.2417144775,827.6448364258,13.3719158173,21.3389377594,5.5287327766,11.2238588333,201.8705596924,823.8824462891,9.3564596176,26.6019935608,7.3123855591,6.5158133507,219.000869751,615.1024169922
0.9729999999999994,0.0,0.0,5.2205548286,0.0006341937,240.7501068115,884.8531494141,3.576145649,1.1800374985,6.6309294701,4.972038269,154.623840332,800.0439453125,10.3859081268,3.731618166,7.7440929413,10.8326568604,166.2119903564,792.0457763672,21.0457763672,12.684472084,7.9356503487,10.8042173386,189.2334136963,827.7628173828,13.3782463074,21.3422679901,5.5523195267,11.1976833344,201.8737945557,822.7340087891,9.2720737457,26.6128444672,7.3031783104,6.5140814781,219.0008087158,615.0546264648
0.9819999999999994,0.0,0.0,5.2205543518,0.0006343628,240.7501068115,884.8532104492,3.5760831833,1.1800355911,6.6293606758,4.9736132622,154.6190795898,800.2315673828,10.383895874,3.7308938503,7.7455153465,10.8320045471,166.1902008057,792.1922607422,21.0684528351,12.6891775131,7.9418563843,10.7942991257,189.2294006348,827.7819824219,13.3823709488,21.3535957336,5.5649962425,11.1741752625,201.872253418,822.2811279297,9.2561197281,26.6306915283,7.2896142006,6.5096945763,219.0008544922,615.0983886719
0.9909999999999994,0.0,0.0,5.2205543518,0.0006345361,240.7501068115,884.8538208008,3.5760204792,1.1800326109,6.617149353,4.985458374,154.6143493652,801.4263916016,10.3659791946,3.7284317017,7.7317070961,10.848274231,166.166595459,792.4588623047,21.0375576019,12.6693973541,7.939766407,10.8145046234,189.2219390869,827.8870239258,13.354798317,21.3303813934,5.5390939713,11.2221841812,201.8690795898,823.9213867188,9.3251991272,26.6045436859,7.3086066246,6.5169963837,218.9990997314,615.1149902344
0.9999999999999994,0.0,0.0,5.2205543518,0.0006347204,240.7501068115,884.8533935547,3.575961113,1.1800299883,6.608335495,4.9942450523,154.609664917,801.6643676758,10.3363981247,3.7242822647,7.7224969864,10.8617134094,166.1394958496,792.658996582,21.04479599,12.6574811935,7.9436340332,10.8233327866,189.2063903809,828.0262451172,13.3607645035,21.3228416443,5.5442004204,11.2257385254,201.8659667969,823.8395996094,9.3091506958,26.6028404236,7.3085055351,6.5188221931,218.9973602295,615.08203125
