ag,DNN_Predictions_PCP_t4,Cloud_Model_PCP_t4
50.0,8.771389,7.797191619900001
51.151151151151154,8.785002,11.618850708
52.3023023023023,8.798662,9.0086660385
53.453453453453456,8.81237,6.223947525
54.6046046046046,8.826125,6.7038793564
55.75575575575576,8.839928,8.4819917679
56.906906906906904,8.853781,17.9058532715
58.05805805805806,8.86768,6.3724732399
59.209209209209206,8.881624,6.682390213
60.36036036036036,8.895621,19.0489826202
61.511511511511515,8.909664,14.4668798447
62.66266266266266,8.923755,7.394174575800001
63.813813813813816,8.937895,6.235465526599999
64.96496496496496,8.952081,6.347530841800001
66.11611611611612,8.966317,7.0454163551
67.26726726726727,8.980598,6.6740913391
68.41841841841841,8.99493,12.1024360657
69.56956956956957,9.00931,7.512899875599999
70.72072072072072,9.023738,6.974741458899999
71.87187187187187,9.038213,6.993432521799999
73.02302302302303,9.052736,19.3710384369
74.17417417417417,9.067307,7.2276258469000005
75.32532532532532,9.081929,6.8608341217
76.47647647647648,9.096596,9.0321578979
77.62762762762763,9.111311,5.4786806107
78.77877877877879,9.126077,7.4206900597
79.92992992992993,9.14089,10.2791509628
81.08108108108108,9.155751,7.1485419273
82.23223223223223,9.170659,7.241293907199999
83.38338338338338,9.185617,21.1854286194
84.53453453453454,9.200623,6.206451416
85.68568568568568,9.215675,6.360865593
86.83683683683684,9.230777,9.3972024918
87.98798798798799,9.245926,7.8321442604
89.13913913913913,9.261124,6.477590084100001
90.2902902902903,9.276369,6.840930461900001
91.44144144144144,9.291662,7.1862130165
92.5925925925926,9.307002,7.1482400894
93.74374374374376,9.322394,12.7895822525
94.89489489489488,9.337828,7.5889372826
96.04604604604604,9.353315,21.9015979767
97.1971971971972,9.368846,7.4971704483
98.34834834834837,9.384427,6.352844238300001
99.4994994994995,9.400053,6.0676593781
100.65065065065065,9.41573,6.8912525177
101.8018018018018,9.431453,14.115732193
102.95295295295296,9.447223,12.7639331818
104.1041041041041,9.463041,12.0495538712
105.25525525525526,9.478907,6.9031348228
106.4064064064064,9.494818,13.028927803
107.55755755755756,9.510778,6.878982067100001
108.70870870870873,9.526785,14.2096738815
109.85985985985984,9.542838,7.204345226299999
111.01101101101102,9.558938,11.0833063126
112.16216216216216,9.575087,7.135357856799999
113.31331331331332,9.591278,15.5493812561
114.46446446446448,9.60752,6.883099079099999
115.61561561561562,9.623809,22.8985824585
116.76676676676676,9.640144,10.6637992859
117.91791791791792,9.656525,6.2726559639
119.06906906906907,9.672951,7.173455238300001
120.22022022022024,9.689423,12.6841516495
121.37137137137135,9.705944,11.2939758301
122.52252252252252,9.722507,14.814043045
123.67367367367368,9.739119,8.8960952759
124.82482482482484,9.755777,7.3527994156
125.97597597597598,9.772479,22.620880127
127.12712712712712,9.789226,6.437926769299999
128.27827827827826,9.806018,6.5543904305
129.42942942942943,9.822856,10.7496852875
130.5805805805806,9.839739,8.1574726105
131.7317317317317,9.8566675,7.4355063438
132.88288288288288,9.873641,18.2890491486
134.03403403403405,9.890659,12.0745534897
135.1851851851852,9.90772,7.320222854600001
136.33633633633633,9.924827,21.0244159698
137.4874874874875,9.941977,6.622622013099999
138.63863863863864,9.959172,6.447337150599999
139.78978978978978,9.97641,5.8102359772
140.94094094094095,9.993691,7.514511585200001
142.0920920920921,10.011017,6.887109279600001
143.24324324324323,10.028386,7.6425738335
144.3943943943944,10.045796,8.118844986
145.54554554554556,10.063254,7.3254303932
146.6966966966967,10.080751,8.4647312164
147.84784784784785,10.09829,6.880545139300001
148.998998998999,10.115873,6.909624576599999
150.15015015015015,10.133495,6.7962312698
151.3013013013013,10.151164,5.620204925500001
152.45245245245246,10.168873,9.8194131851
153.6036036036036,10.186623,21.1359558105
154.75475475475474,10.204414,15.3738651276
155.9059059059059,10.222247,11.1989364624
157.05705705705708,10.240118,21.1476764679
158.2082082082082,10.258034,12.2106781006
159.35935935935936,10.275989,8.440776825
160.51051051051053,10.293983,16.8747234344
161.66166166166167,10.312017,8.3468608856
162.8128128128128,10.330093,19.4209270477
163.96396396396398,10.3482065,6.9834713936
165.11511511511512,10.366361,8.8329334259
166.26626626626626,10.384551,7.8956494331
167.41741741741745,10.402784,7.7013640404
168.56856856856857,10.421054,7.5494966507
169.7197197197197,10.439361,7.3774838448
170.87087087087087,10.457707,18.6234436035
172.02202202202204,10.476091,17.3015995026
173.17317317317318,10.494512,7.5399217606
174.32432432432432,10.51297,6.591310977900001
175.4754754754755,10.531465,6.141667842899999
176.62662662662663,10.549998,10.4006509781
177.77777777777777,10.568566,17.9550304413
178.92892892892894,10.587171,10.2924289703
180.08008008008008,10.605811,9.1110477448
181.23123123123125,10.624487,15.2546520233
182.3823823823824,10.643198,7.9835700989
183.53353353353353,10.6619425,19.1935768127
184.6846846846847,10.680723,7.173872470900001
185.83583583583584,10.699538,9.1145133972
186.98698698698695,10.718387,8.020536422700001
188.13813813813815,10.737269,5.9738278389
189.2892892892893,10.756185,8.3121385574
190.44044044044043,10.775134,7.718834876999999
191.5915915915916,10.794115,10.3798666
192.7427427427427,10.813128,7.2235121727
193.8938938938939,10.832175,11.1180305481
195.04504504504504,10.851252,8.0372371674
196.1961961961962,10.87036,7.767980575599999
197.34734734734735,10.889502,16.4177894592
198.4984984984985,10.908672,10.1818284988
199.6496496496497,10.927874,7.393895626100001
200.8008008008008,10.947104,12.3577518463
201.95195195195197,10.966366,6.7060480118
203.1031031031031,10.985654,13.8998403549
204.25425425425425,11.004973,6.982462883
205.40540540540545,11.024321,7.715857505799999
206.55655655655656,11.043697,10.8014469147
207.70770770770773,11.0631,19.6372661591
208.85885885885887,11.08253,6.562932014499999
210.01001001001,11.101991,7.214764595
211.16116116116115,11.121474,11.0434656143
212.31231231231232,11.140985,10.5502471924
213.46346346346343,11.1605215,13.524520874
214.61461461461465,11.180085,14.2112855911
215.76576576576576,11.199674,7.5321989059
216.91691691691693,11.219287,16.1069698334
218.06806806806807,11.238925,7.696016311600001
219.2192192192192,11.258586,7.3127746582
220.3703703703704,11.278269,7.1253576279
221.52152152152152,11.297979,12.5460367203
222.6726726726727,11.31771,19.2991256714
223.82382382382383,11.337463,8.8253479004
224.97497497497497,11.357239,7.9432477951
226.12612612612617,11.377037,5.7943739891
227.27727727727728,11.396855,7.242657184599999
228.42842842842845,11.416693,14.2585296631
229.5795795795796,11.436554,6.811220645900001
230.73073073073073,11.456433,15.059138298
231.8818818818819,11.476334,6.968286991100001
233.03303303303304,11.496252,17.2787132263
234.18418418418415,11.516189,7.146430969200001
235.33533533533537,11.536144,16.4893894196
236.48648648648648,11.556117,13.833272934
237.63763763763765,11.576108,12.3121366501
238.7887887887888,11.596116,9.1014003754
239.93993993993993,11.616138,14.2191667557
241.0910910910911,11.63618,14.2490215302
242.24224224224224,11.656237,11.0481386185
243.3933933933934,11.676308,8.073688507100002
244.54454454454455,11.696395,10.8232851028
245.6956956956957,11.716496,19.6034221649
246.8468468468469,11.73661,18.9980621338
247.997997997998,11.756739,11.7881250381
249.14914914914917,11.776879,14.9984693527
250.3003003003003,11.797034,7.764714241
251.45145145145145,11.8172,6.125441074400001
252.60260260260264,11.837378,7.336962699899999
253.75375375375376,11.857567,20.2239665985
254.90490490490492,11.877766,11.3424453735
256.05605605605604,11.897977,7.192682743100001
257.2072072072072,11.918198,6.686841487900001
258.3583583583584,11.938428,10.9947814941
259.5095095095095,11.958666,6.848328113600001
260.66066066066065,11.978912,8.8399629593
261.8118118118118,11.99917,11.0238342285
262.96296296296293,12.019433,18.6056690216
264.11411411411416,12.039702,17.4654502869
265.26526526526527,12.059979,12.8741455078
266.4164164164164,12.080263,7.505910873400001
267.5675675675676,12.100553,8.496963501
268.7187187187187,12.120848,7.9429039955
269.8698698698699,12.141149,12.2204341888
271.02102102102106,12.161451,8.9077825546
272.17217217217217,12.181761,17.480255127
273.32332332332334,12.202072,19.731344223
274.4744744744745,12.222386,13.0488862991
275.6256256256256,12.242704,11.5400667191
276.7767767767768,12.263024,13.9310598373
277.92792792792795,12.283347,22.7384548187
279.07907907907907,12.303669,7.3261809349
280.23023023023023,12.323993,8.1602678299
281.3813813813814,12.344317,18.9961681366
282.5325325325325,12.36464,19.5239601135
283.6836836836837,12.384964,6.178827285800001
284.83483483483485,12.405286,8.726333618200002
285.98598598598596,12.425608,7.495195388799999
287.13713713713713,12.445927,11.0239868164
288.2882882882883,12.466243,7.9216918945
289.4394394394394,12.486556,7.0655431747
290.59059059059064,12.506866,5.791164398199999
291.74174174174175,12.527173,10.7942457199
292.89289289289286,12.547476,18.1226425171
294.0440440440441,12.567774,10.2580137253
295.1951951951952,12.588066,8.1507844925
296.34634634634637,12.608353,10.3304328918
297.49749749749753,12.628634,7.610466003399999
298.64864864864865,12.648909,17.2189426422
299.7997997997998,12.669176,6.2838983536
300.950950950951,12.689436,7.3485469818
302.1021021021021,12.709688,13.3511152267
303.25325325325326,12.729934,7.221714496600001
304.40440440440443,12.750169,7.5909428596
305.55555555555554,12.770396,10.3908338547
306.7067067067067,12.790612,14.7076225281
307.8578578578579,12.81082,13.7004547119
309.009009009009,12.831016,13.4423799515
310.16016016016016,12.851202,7.372347831700001
311.31131131131133,12.871376,19.0118579865
312.4624624624625,12.891539,7.646403789499999
313.6136136136136,12.91169,7.375411510500001
314.7647647647648,12.931828,6.1213860512
315.91591591591595,12.951952,7.1977734566
317.06706706706706,12.972063,7.546175956700001
318.2182182182182,12.99216,28.1936531067
319.3693693693694,13.012244,16.0417995453
320.5205205205205,13.032312,24.8894462585
321.6716716716717,13.052364,9.0073890686
322.82282282282284,13.072404,9.2805080414
323.97397397397395,13.092425,8.0110225677
325.1251251251251,13.112431,8.8355379105
326.2762762762763,13.13242,7.6747431755
327.42742742742746,13.1523905,24.8508605957
328.5785785785786,13.172344,9.9435329437
329.72972972972974,13.192281,24.4331951141
330.8808808808809,13.212198,13.8952865601
332.032032032032,13.232098,7.553920268999999
333.1831831831832,13.251977,10.9538583755
334.33433433433436,13.271837,12.0208559036
335.48548548548547,13.2916765,13.2394180298
336.63663663663664,13.311496,6.8572297096
337.7877877877878,13.331295,8.9971094131
338.938938938939,13.351073,9.9317302704
340.0900900900901,13.370829,13.8493967056
341.24124124124126,13.390564,10.2741308212
342.3923923923924,13.410275,7.3472456932
343.54354354354354,13.429965,10.8675470352
344.6946946946947,13.449632,21.8408660889
345.8458458458459,13.4692745,7.6888160706
346.996996996997,13.4888935,13.0644817352
348.14814814814815,13.508489,20.8106632233
349.2992992992993,13.52806,10.9326467514
350.45045045045043,13.5476055,17.7387752533
351.6016016016016,13.567126,10.4244241714
352.75275275275277,13.586621,17.8686141968
353.90390390390394,13.606091,14.01820755
355.05505505505505,13.625534,20.1525802612
356.2062062062062,13.64495,11.6076211929
357.3573573573574,13.664341,31.7043018341
358.5085085085085,13.683703,7.2845239639
359.65965965965967,13.703038,7.5916585922
360.8108108108109,13.722345,10.3050146103
361.96196196196195,13.741625,17.0502262115
363.1131131131131,13.760875,20.5113296509
364.2642642642643,13.780096,15.5697069168
365.41541541541545,13.799288,14.3537416458
366.56656656656656,13.81845,23.9582233429
367.71771771771773,13.837584,19.8830471039
368.8688688688689,13.856688,14.3036422729
370.02002002002,13.875759,9.1692390442
371.1711711711712,13.894801,17.7599582672
372.3223223223223,13.913813,7.8516716957
373.47347347347346,13.932791,7.489539623300001
374.62462462462463,13.951739,12.1309957504
375.7757757757758,13.970655,7.499602794600001
376.9269269269269,13.989539,20.7522926331
378.0780780780781,14.00839,17.4710998535
379.2292292292293,14.027209,11.4085893631
380.3803803803804,14.045996,26.4630775452
381.5315315315315,14.064747,14.7230892181
382.6826826826827,14.083466,8.4634771347
383.83383383383386,14.102151,16.5630645752
384.984984984985,14.120803,24.8042697906
386.13613613613614,14.139419,7.597908496900001
387.2872872872873,14.158001,14.7638158798
388.4384384384384,14.176548,14.0613412857
389.5895895895896,14.195061,10.3601360321
390.7407407407408,14.213537,7.169562339799999
391.89189189189193,14.231978,11.6576900482
393.04304304304304,14.250384,14.0898361206
394.1941941941942,14.268753,8.1424827576
395.3453453453454,14.2870865,13.7381696701
396.4964964964965,14.305383,15.6446304321
397.64764764764766,14.323643,10.0815753937
398.7987987987988,14.3418665,15.1085309982
399.94994994994994,14.360051,10.5583181381
401.1011011011011,14.378201,9.4980449677
402.2522522522523,14.396312,20.5724391937
403.4034034034034,14.414385,14.0854063034
404.55455455455456,14.432419,8.3679885864
405.7057057057057,14.450416,7.092382907899999
406.8568568568569,14.468373,7.6848630905
408.008008008008,14.486294,15.1387004852
409.1591591591592,14.504175,23.4853973389
410.31031031031034,14.522017,8.432212829600001
411.46146146146145,14.53982,31.665004730199996
412.6126126126126,14.557584,21.1898517609
413.7637637637638,14.575308,18.0783901215
414.9149149149149,14.592991,11.5399770737
416.06606606606607,14.610636,27.3185501099
417.2172172172173,14.62824,7.278792858100001
418.3683683683683,14.645804,12.4159803391
419.5195195195195,14.663327,19.1014328003
420.6706706706707,14.680811,19.0503883362
421.82182182182186,14.698253,11.3912754059
422.97297297297297,14.715654,14.4699668884
424.12412412412414,14.733015,12.8436689377
425.2752752752753,14.750335,9.1013898849
426.4264264264264,14.767612,5.998825073199999
427.5775775775776,14.78485,23.0346317291
428.7287287287287,14.802045,6.7826251984
429.87987987987987,14.819197,6.301081180600001
431.03103103103103,14.8363085,6.1029238701
432.1821821821822,14.853379,32.729839325
433.33333333333337,14.870405,10.4014177322
434.4844844844845,14.887391,20.5716953278
435.6356356356357,14.904334,8.645552635200001
436.7867867867868,14.921234,23.8138084412
437.93793793793793,14.938093,17.0286178589
439.0890890890891,14.954907,19.5979595184
440.2402402402402,14.97168,11.1358318329
441.3913913913914,14.988409,11.5211791992
442.54254254254255,15.0050955,12.9552717209
443.6936936936937,15.021739,21.1059703827
444.8448448448448,15.038339,15.6772985458
445.995995995996,15.054896,21.7888298035
447.1471471471472,15.071409,8.3317298889
448.29829829829833,15.087879,14.0512876511
449.44944944944945,15.104306,8.0392618179
450.6006006006006,15.120688,6.6827163696
451.7517517517518,15.137028,15.1364564896
452.9029029029029,15.153323,15.1082220078
454.05405405405406,15.169575,31.088722229
455.2052052052052,15.185782,17.6190280914
456.35635635635634,15.201946,19.2318115234
457.5075075075075,15.218065,14.2917413712
458.6586586586587,15.23414,19.5014762878
459.80980980980985,15.250171,19.4647865295
460.96096096096096,15.266158,5.5566453934
462.1121121121122,15.282101,23.0131549835
463.2632632632633,15.297999,11.0336694717
464.4144144144144,15.313852,32.2624893188
465.5655655655656,15.329661,6.928514957400001
466.71671671671675,15.345427,16.7857532501
467.86786786786786,15.361147,13.1193351746
469.019019019019,15.376822,11.9835748672
470.1701701701702,15.392453,20.5290679932
471.3213213213213,15.408039,6.7506642342
472.4724724724725,15.423581,15.9600391388
473.6236236236237,15.439077,35.6036605835
474.7747747747748,15.454531,12.6985931396
475.9259259259259,15.469937,6.354187965400001
477.0770770770771,15.4853,7.737761020699999
478.22822822822826,15.500617,14.0375366211
479.3793793793794,15.51589,30.5830440521
480.53053053053054,15.531117,19.853931427
481.6816816816817,15.546301,14.5601072311
482.8328328328328,15.5614395,10.725569725
483.983983983984,15.576532,10.6761665344
485.1351351351352,15.59158,10.6423215866
486.2862862862863,15.606584,33.6520462036
487.43743743743744,15.621542,9.0101423264
488.5885885885886,15.636455,22.2368183136
489.7397397397398,15.651324,20.2836742401
490.8908908908909,15.666147,20.8459377289
492.04204204204206,15.680926,19.5050640106
493.1931931931932,15.695659,23.4488658905
494.34434434434434,15.710349,14.4965305328
495.4954954954955,15.724991,15.5505800247
496.6466466466467,15.739591,10.7324981689
497.7977977977978,15.754145,12.8092279434
498.94894894894895,15.768653,19.1329288483
500.1001001001001,15.783118,15.869887352
501.2512512512513,15.797538,17.1865844727
502.4024024024024,15.811911,26.6457366943
503.5535535535536,15.8262415,6.5512413979
504.70470470470474,15.840527,19.2886791229
505.85585585585585,15.854767,30.6742897034
507.007007007007,15.868961,20.2154026031
508.1581581581582,15.883113,7.4296531677
509.3093093093093,15.897218,23.3481941223
510.46046046046047,15.91128,12.5913829803
511.6116116116117,15.925297,22.3566513062
512.7627627627628,15.939267,20.9106807709
513.9139139139139,15.953196,17.2499027252
515.065065065065,15.967078,10.6136236191
516.2162162162163,15.980918,6.970783233599999
517.3673673673674,15.994712,6.680502414700001
518.5185185185185,16.008461,7.2687950134
519.6696696696697,16.022167,19.225736618
520.8208208208208,16.03583,13.5108423233
521.9719719719719,16.049446,20.1655864716
523.1231231231232,16.063019,13.0343856812
524.2742742742743,16.076548,15.7282800674
525.4254254254254,16.09003,21.5244922638
526.5765765765766,16.103472,20.5048847198
527.7277277277278,16.116869,11.2100515366
528.8788788788788,16.130222,16.7868709564
530.03003003003,16.14353,10.089225769
531.1811811811813,16.156794,27.5755252838
532.3323323323323,16.170015,19.3685836792
533.4834834834835,16.183193,7.855821132700001
534.6346346346347,16.196327,14.5437908173
535.7857857857857,16.209417,17.2983798981
536.936936936937,16.222466,9.7627983093
538.0880880880882,16.235468,20.7570133209
539.2392392392393,16.248428,6.573256492599999
540.3903903903904,16.261345,7.6935091019
541.5415415415416,16.274218,17.3822898865
542.6926926926927,16.287048,13.109869957
543.8438438438438,16.299835,25.0902996063
544.9949949949951,16.312578,13.4819889069
546.1461461461462,16.32528,22.703168869
547.2972972972973,16.337938,30.751924514799995
548.4484484484485,16.350554,17.4435176849
549.5995995995996,16.363125,9.3069543839
550.7507507507507,16.375656,29.0014324188
551.901901901902,16.388144,24.5687885284
553.0530530530531,16.400587,7.591927051500001
554.2042042042042,16.41299,24.5515918732
555.3553553553554,16.42535,17.3028564453
556.5065065065065,16.437668,16.873790741
557.6576576576576,16.449944,24.4804992676
558.8088088088089,16.462177,14.5685663223
559.95995995996,16.47437,5.738987445799999
561.1111111111111,16.486519,15.1776733398
562.2622622622623,16.498627,14.7515163422
563.4134134134134,16.51069,27.2316875458
564.5645645645645,16.522717,8.0408153534
565.7157157157158,16.534698,9.1554098129
566.8668668668669,16.54664,16.2664527893
568.018018018018,16.55854,8.8131389618
569.1691691691692,16.570398,22.7241764069
570.3203203203203,16.582216,9.5168743134
571.4714714714714,16.593992,19.3492393494
572.6226226226227,16.605728,16.2001914978
573.7737737737738,16.617422,16.9362926483
574.924924924925,16.629074,22.5914878845
576.0760760760761,16.640686,7.032613277399999
577.2272272272272,16.65226,11.349196434
578.3783783783784,16.66379,13.4538106918
579.5295295295296,16.675282,7.8623323441
580.6806806806807,16.686731,20.0221252441
581.8318318318319,16.698141,19.8494167328
582.982982982983,16.70951,20.0458698273
584.1341341341341,16.72084,19.1545448303
585.2852852852853,16.73213,8.3419246674
586.4364364364365,16.743382,18.0401382446
587.5875875875876,16.754591,11.4537620544
588.7387387387388,16.76576,7.5059041977
589.8898898898899,16.776894,10.5560112
591.041041041041,16.787983,16.8173542023
592.1921921921922,16.799036,8.3023204803
593.3433433433433,16.81005,28.9455013275
594.4944944944945,16.821022,13.8612194061
595.6456456456457,16.831957,23.2277164459
596.7967967967968,16.842852,9.0884399414
597.9479479479479,16.853708,11.9193210602
599.0990990990991,16.864527,20.3913116455
600.2502502502502,16.875303,6.8680729866
601.4014014014015,16.886045,17.3040275574
602.5525525525526,16.896746,13.9135370255
603.7037037037037,16.907412,18.9621963501
604.8548548548549,16.918036,16.2295665741
606.006006006006,16.928623,20.928768158
607.1571571571571,16.939173,24.880355835
608.3083083083084,16.949684,19.1688404083
609.4594594594595,16.960155,19.2991218567
610.6106106106106,16.97059,20.5439319611
611.7617617617618,16.98099,13.2971963882
612.9129129129129,16.99135,27.8617610931
614.064064064064,17.001673,10.2799711227
615.2152152152153,17.01196,18.3490638733
616.3663663663664,17.022207,17.0036621094
617.5175175175175,17.03242,27.0729312897
618.6686686686687,17.042595,16.2566719055
619.8198198198198,17.052732,8.1455144882
620.9709709709709,17.062832,13.7690896988
622.1221221221222,17.072897,8.373847007800002
623.2732732732733,17.082924,22.9384288788
624.4244244244244,17.092916,13.0658226013
625.5755755755756,17.10287,22.5372848511
626.7267267267267,17.11279,26.9639587402
627.877877877878,17.122673,13.1210155487
629.0290290290291,17.132519,14.301030159
630.1801801801802,17.14233,8.8815546036
631.3313313313314,17.152103,13.0231170654
632.4824824824825,17.161844,27.1658763885
633.6336336336336,17.171549,25.3910923004
634.7847847847848,17.181217,19.2544193268
635.935935935936,17.19085,16.937789917
637.0870870870871,17.200447,9.0098180771
638.2382382382383,17.21001,27.2568798065
639.3893893893894,17.219538,25.0571689606
640.5405405405405,17.22903,6.921485900899999
641.6916916916917,17.238487,14.9359779358
642.8428428428429,17.247911,27.9971237183
643.993993993994,17.257301,11.4196529388
645.1451451451452,17.266655,14.5421152115
646.2962962962963,17.275974,12.9833803177
647.4474474474474,17.285261,15.7100076675
648.5985985985986,17.294512,18.6035308838
649.7497497497498,17.30373,8.4762468338
650.9009009009009,17.312912,10.590344429
652.0520520520521,17.322063,21.755777359
653.2032032032032,17.33118,8.4987516403
654.3543543543544,17.340261,10.5136356354
655.5055055055055,17.34931,10.9557085037
656.6566566566567,17.358328,10.9630966187
657.8078078078079,17.36731,12.28145504
658.958958958959,17.376259,21.750371933
660.1101101101101,17.385176,17.0748291016
661.2612612612613,17.394058,14.9658126831
662.4124124124124,17.40291,19.3463726044
663.5635635635635,17.411728,23.6884002686
664.7147147147148,17.420515,14.9740476608
665.8658658658659,17.429266,15.0683946609
667.017017017017,17.437988,7.571863651299999
668.1681681681682,17.446676,16.157037735
669.3193193193193,17.455334,22.6777324677
670.4704704704704,17.463959,23.8209095001
671.6216216216217,17.47255,7.2513055801
672.7727727727728,17.48111,13.3979263306
673.9239239239239,17.48964,16.084312439
675.0750750750751,17.498137,7.683384418500001
676.2262262262262,17.506603,24.4848670959
677.3773773773773,17.515038,21.9294834137
678.5285285285286,17.52344,25.2894821167
679.6796796796797,17.531813,10.2905426025
680.8308308308309,17.540154,14.2692928314
681.981981981982,17.548464,17.1740989685
683.1331331331331,17.556744,9.2742729187
684.2842842842844,17.564993,18.769613266
685.4354354354355,17.57321,17.7140522003
686.5865865865866,17.581398,25.6986541748
687.7377377377378,17.589554,15.4833621979
688.8888888888889,17.597683,20.9064769745
690.04004004004,17.60578,6.6933054924
691.1911911911913,17.613844,20.1223335266
692.3423423423424,17.621883,22.5600814819
693.4934934934935,17.629889,22.2407817841
694.6446446446447,17.637865,7.5845818519999995
695.7957957957958,17.645815,30.5278625488
696.9469469469469,17.65373,7.280181407899999
698.0980980980981,17.66162,10.1111326218
699.2492492492493,17.66948,20.8299694061
700.4004004004004,17.677309,12.5494756699
701.5515515515516,17.68511,16.9712467194
702.7027027027027,17.692883,22.2371559143
703.8538538538538,17.700624,17.6304035187
705.005005005005,17.708338,30.6111450195
706.1561561561562,17.716024,13.5417251587
707.3073073073074,17.72368,18.6695194244
708.4584584584585,17.73131,15.5687494278
709.6096096096096,17.73891,26.4607124329
710.7607607607608,17.74648,24.647605896
711.911911911912,17.754025,14.7932701111
713.063063063063,17.761541,18.022731781
714.2142142142143,17.76903,15.496629715
715.3653653653654,17.77649,11.9549379349
716.5165165165165,17.783922,22.3848209381
717.6676676676677,17.791325,10.7809648514
718.8188188188188,17.7987,10.4370241165
719.96996996997,17.806051,16.059633255
721.1211211211212,17.813374,16.9314937592
722.2722722722723,17.82067,16.1468410492
723.4234234234234,17.827936,15.9230356216
724.5745745745746,17.835176,18.7353858948
725.7257257257257,17.84239,17.9977073669
726.8768768768768,17.849577,11.3139200211
728.0280280280281,17.856737,15.378868103
729.1791791791792,17.86387,13.5964574814
730.3303303303303,17.870977,19.0546283722
731.4814814814815,17.87806,23.1638507843
732.6326326326326,17.885113,25.1867427826
733.7837837837839,17.892141,24.4902057648
734.934934934935,17.899143,12.0511360168
736.0860860860861,17.906118,18.4290275574
737.2372372372373,17.913069,13.2229585648
738.3883883883884,17.919992,33.405002594
739.5395395395395,17.926891,10.0745668411
740.6906906906908,17.933765,10.7569084167
741.8418418418419,17.94061,24.9367542267
742.992992992993,17.947433,19.0693511963
744.1441441441442,17.954231,29.1130104065
745.2952952952953,17.961,25.6496963501
746.4464464464464,17.967747,24.4746398926
747.5975975975977,17.974468,6.291767120399999
748.7487487487488,17.981165,22.3872680664
749.8998998998999,17.987835,13.5987014771
751.0510510510511,17.994482,13.2605028152
752.2022022022022,18.001102,10.589097023
753.3533533533533,18.0077,14.5309686661
754.5045045045046,18.014273,15.9600534439
755.6556556556557,18.02082,13.2155456543
756.8068068068068,18.027346,9.988904953
757.957957957958,18.033844,8.8428440094
759.1091091091091,18.04032,10.1135778427
760.2602602602603,18.04677,11.5691318512
761.4114114114114,18.053198,14.1353025436
762.5625625625626,18.059603,18.6596832275
763.7137137137138,18.065983,15.5437231064
764.8648648648649,18.07234,26.2165222168
766.016016016016,18.078672,22.8136558533
767.1671671671672,18.084982,14.8812360764
768.3183183183183,18.091269,18.2514533997
769.4694694694695,18.09753,5.299477100400001
770.6206206206207,18.10377,19.2363185883
771.7717717717718,18.109987,12.9967479706
772.9229229229229,18.11618,25.7352809906
774.0740740740741,18.12235,17.8183841705
775.2252252252252,18.128498,9.3577232361
776.3763763763764,18.134624,9.2633218765
777.5275275275276,18.140726,12.7285995483
778.6786786786787,18.146805,27.1868000031
779.8298298298298,18.152863,14.6575288773
780.980980980981,18.158895,26.7451629639
782.1321321321321,18.16491,23.4314346313
783.2832832832833,18.1709,19.1263160706
784.4344344344345,18.176868,22.3089122772
785.5855855855856,18.182816,8.7700796127
786.7367367367367,18.18874,16.7056369781
787.8878878878879,18.194643,17.1588954926
789.039039039039,18.200521,11.4680213928
790.1901901901903,18.20638,11.1953878403
791.3413413413414,18.212217,33.3029289246
792.4924924924925,18.218035,11.2003307343
793.6436436436437,18.223827,25.4761981964
794.7947947947948,18.2296,24.1975708008
795.9459459459459,18.235353,22.7707080841
797.0970970970972,18.241083,15.1289520264
798.2482482482483,18.246792,11.605014801
799.3993993993994,18.252483,15.3622770309
800.5505505505506,18.25815,24.430021286
801.7017017017017,18.263796,8.1714134216
802.8528528528528,18.269423,12.8874425888
804.0040040040041,18.275028,12.1381568909
805.1551551551552,18.280613,11.5002727509
806.3063063063063,18.286177,12.0919551849
807.4574574574575,18.29172,17.2005405426
808.6086086086086,18.297243,15.8862056732
809.7597597597597,18.302746,16.1538848877
810.910910910911,18.308231,18.7743358612
812.0620620620621,18.313692,15.768245697
813.2132132132132,18.319134,11.790517807
814.3643643643644,18.324556,26.9027328491
815.5155155155155,18.329962,27.7672977448
816.6666666666667,18.335342,26.2350120544
817.8178178178179,18.340706,17.8319740295
818.968968968969,18.346052,22.9620075226
820.1201201201202,18.351374,20.5463523865
821.2712712712713,18.35668,14.8028879166
822.4224224224224,18.361965,25.4625091553
823.5735735735736,18.367231,29.0697193146
824.7247247247248,18.372478,10.3426208496
825.8758758758759,18.377707,16.9259395599
827.0270270270271,18.382914,27.0219936371
828.1781781781782,18.388103,26.5839099884
829.3293293293293,18.393276,18.4085826874
830.4804804804805,18.398426,29.2163887024
831.6316316316316,18.403559,13.41355896
832.7827827827828,18.408674,15.4055242538
833.933933933934,18.413769,23.884765625
835.0850850850851,18.418846,25.7449684143
836.2362362362362,18.423904,16.5864067078
837.3873873873874,18.428944,20.204996109
838.5385385385385,18.433968,30.6930522919
839.6896896896897,18.43897,24.8146743774
840.8408408408409,18.443954,28.5719299316
841.991991991992,18.448923,17.8855304718
843.1431431431432,18.45387,22.1147899628
844.2942942942943,18.458803,15.3272714615
845.4454454454454,18.463717,23.3333034515
846.5965965965967,18.46861,18.7072429657
847.7477477477478,18.47349,11.2528142929
848.8988988988989,18.47835,28.6872215271
850.0500500500501,18.483192,23.3893051147
851.2012012012012,18.488018,10.7787046432
852.3523523523523,18.492825,24.4985523224
853.5035035035036,18.497614,24.2484989166
854.6546546546547,18.502388,24.2771511078
855.8058058058058,18.507143,23.3601589203
856.956956956957,18.51188,21.5507450104
858.1081081081081,18.516602,10.8962364197
859.2592592592592,18.521305,23.2252082825
860.4104104104105,18.525991,13.8667898178
861.5615615615616,18.530663,10.9235305786
862.7127127127127,18.535316,25.6813278198
863.8638638638639,18.539953,19.9621219635
865.015015015015,18.544573,17.6334648132
866.1661661661661,18.549177,15.020614624
867.3173173173174,18.553762,20.3604297638
868.4684684684685,18.558332,25.3187656403
869.6196196196197,18.562887,10.9835777283
870.7707707707708,18.567425,17.7957210541
871.9219219219219,18.571943,24.3202514648
873.0730730730731,18.57645,23.0607376099
874.2242242242243,18.580936,22.0649833679
875.3753753753754,18.585411,10.9293212891
876.5265265265266,18.589865,20.5889339447
877.6776776776777,18.594307,19.1780204773
878.8288288288288,18.598732,7.956345558200001
879.97997997998,18.60314,6.6746683121
881.1311311311312,18.607533,15.8324613571
882.2822822822823,18.61191,20.5838718414
883.4334334334335,18.61627,18.3923244476
884.5845845845846,18.620617,9.572177887
885.7357357357357,18.624945,12.2067890167
886.8868868868869,18.629261,14.5869703293
888.038038038038,18.633562,20.7682151794
889.1891891891892,18.637844,18.6805839539
890.3403403403404,18.642115,11.3125123978
891.4914914914915,18.646368,15.3323984146
892.6426426426426,18.650606,13.027132988
893.7937937937938,18.654829,13.9932804108
894.944944944945,18.659037,8.175553321799999
896.0960960960962,18.66323,12.0272674561
897.2472472472473,18.667408,18.2441043854
898.3983983983984,18.671572,9.0681629181
899.5495495495496,18.67572,22.4636211395
900.7007007007007,18.679855,19.5602741241
901.8518518518518,18.683975,24.6024646759
903.0030030030032,18.68808,15.1913976669
904.1541541541542,18.692167,23.7720546722
905.3053053053052,18.696245,22.1572647095
906.4564564564564,18.700306,14.9686594009
907.6076076076076,18.704351,21.7927780151
908.7587587587587,18.708385,14.5460252762
909.90990990991,18.712402,24.769285202
911.0610610610612,18.716406,9.7675304413
912.2122122122122,18.720396,13.6117630005
913.3633633633634,18.724371,25.7338409424
914.5145145145144,18.728334,19.3469619751
915.6656656656656,18.73228,21.8474254608
916.8168168168168,18.736214,19.6423206329
917.967967967968,18.740135,29.3074855804
919.1191191191192,18.744041,12.9237661362
920.2702702702704,18.747932,16.1677761078
921.4214214214214,18.75181,19.255645752
922.5725725725728,18.755676,25.3025856018
923.7237237237238,18.75953,20.3963470459
924.8748748748748,18.763365,21.7735958099
926.026026026026,18.767189,16.483789444
927.1771771771772,18.771002,21.5034580231
928.3283283283284,18.774797,23.1529941559
929.4794794794796,18.778584,14.4484024048
930.6306306306308,18.782354,13.2652778625
931.7817817817818,18.786112,17.3289070129
932.932932932933,18.789856,19.7476882935
934.084084084084,18.793587,11.0959434509
935.2352352352352,18.797306,25.711391449
936.3863863863864,18.801012,16.5253505707
937.5375375375376,18.804705,14.1487255096
938.6886886886888,18.808384,6.6395578384
939.83983983984,18.81205,19.8674354553
940.990990990991,18.815704,12.9990901947
942.142142142142,18.819344,24.2871417999
943.2932932932932,18.822973,12.5872716904
944.4444444444443,18.82659,12.9237165451
945.5955955955956,18.83019,17.4136009216
946.7467467467468,18.833782,8.8285951614
947.897897897898,18.83736,15.3833713531
949.0490490490492,18.840927,13.8278055191
950.2002002002002,18.844479,22.4992523193
951.3513513513514,18.84802,13.8869829178
952.5025025025026,18.85155,20.7874698639
953.6536536536536,18.855066,21.4007167816
954.8048048048048,18.858572,9.6067352295
955.955955955956,18.862062,25.1049499512
957.1071071071073,18.865543,26.9771442413
958.2582582582584,18.86901,20.0878582001
959.4094094094096,18.872467,14.9026737213
960.5605605605606,18.875912,29.1393661499
961.7117117117116,18.879343,22.3157844543
962.8628628628628,18.882763,22.3902454376
964.014014014014,18.886171,14.0971698761
965.1651651651651,18.889568,14.9194736481
966.3163163163164,18.892954,8.4240627289
967.4674674674676,18.896328,24.3948955536
968.6186186186186,18.89969,21.2200965881
969.7697697697698,18.90304,24.1369342804
970.9209209209208,18.90638,13.120016098
972.072072072072,18.909706,9.5715494156
973.2232232232232,18.913021,22.2507839203
974.3743743743744,18.916327,13.5543479919
975.5255255255256,18.91962,16.9011173248
976.6766766766768,18.922901,22.0072345734
977.8278278278278,18.926172,18.4670963287
978.9789789789792,18.92943,13.3166160583
980.1301301301302,18.93268,9.7864589691
981.2812812812812,18.935919,15.0841560364
982.4324324324324,18.939142,20.7393493652
983.5835835835836,18.942358,17.9127788544
984.7347347347348,18.945562,14.6074438095
985.885885885886,18.948755,17.9121131897
987.0370370370372,18.951939,23.2638702393
988.1881881881882,18.955109,17.4246482849
989.3393393393394,18.95827,24.4737091064
990.4904904904904,18.961418,19.7068271637
991.6416416416416,18.964558,17.1996765137
992.7927927927929,18.967688,20.0256252289
993.943943943944,18.970804,26.4396381378
995.0950950950952,18.973911,18.7936286926
996.2462462462464,18.977009,27.5019569397
997.3973973973974,18.980095,17.5499191284
998.5485485485484,18.98317,25.0808925629
999.6996996996996,18.986235,22.7127838135
1000.8508508508507,18.98929,14.6638708115
1002.002002002002,18.992336,20.8786659241
1003.1531531531532,18.995369,29.8219299316
1004.3043043043044,18.998394,24.3271427155
1005.4554554554556,19.001408,19.3272972107
1006.6066066066066,19.004412,16.0351047516
1007.7577577577578,19.007406,24.631362915
1008.908908908909,19.010387,19.3191738129
1010.06006006006,19.013361,11.5926246643
1011.2112112112112,19.016325,11.5381793976
1012.3623623623624,19.019278,22.6782531738
1013.5135135135135,19.02222,21.7807064056
1014.6646646646648,19.025154,11.7671108246
1015.815815815816,19.02808,12.2226715088
1016.966966966967,19.030993,15.2770423889
1018.118118118118,19.033897,24.5526657104
1019.2692692692692,19.03679,24.2567310333
1020.4204204204204,19.039675,20.3870410919
1021.5715715715716,19.042551,25.5761966705
1022.7227227227228,19.045418,15.6776342392
1023.873873873874,19.048271,19.2388057709
1025.0250250250251,19.051119,16.113237381
1026.1761761761763,19.053955,12.7963552475
1027.327327327327,19.056782,15.7835092545
1028.4784784784786,19.059599,15.8655309677
1029.6296296296296,19.062408,27.8035678864
1030.7807807807808,19.065208,12.0470190048
1031.931931931932,19.067997,18.2118148804
1033.0830830830832,19.070778,19.4746055603
1034.2342342342342,19.07355,12.9011001587
1035.3853853853857,19.076311,25.2860641479
1036.5365365365365,19.079063,16.6495494843
1037.6876876876877,19.081808,13.4978523254
1038.838838838839,19.084541,21.569316864
1039.98998998999,19.087267,16.8482093811
1041.1411411411411,19.089983,28.7113437653
1042.2922922922924,19.092691,11.0035562515
1043.4434434434434,19.095388,19.8353328705
1044.5945945945946,19.09808,9.3777112961
1045.7457457457458,19.10076,17.2199554443
1046.896896896897,19.103432,17.3761062622
1048.048048048048,19.106094,22.3367424011
1049.1991991991993,19.10875,15.961640358
1050.3503503503505,19.111393,27.321434021
1051.5015015015017,19.114033,24.7535381317
1052.6526526526527,19.11666,24.2831420898
1053.803803803804,19.119278,30.7698326111
1054.9549549549552,19.12189,22.9973125458
1056.1061061061062,19.124489,27.1424179077
1057.2572572572572,19.127085,15.5796136856
1058.4084084084084,19.129667,12.7260608673
1059.5595595595596,19.132246,21.2005004883
1060.7107107107108,19.134815,23.5686454773
1061.861861861862,19.137375,13.8564796448
1063.013013013013,19.139925,22.6959953308
1064.164164164164,19.14247,12.0544128418
1065.3153153153153,19.145002,17.9088554382
1066.4664664664665,19.14753,17.7197685242
1067.6176176176175,19.150047,22.4079990387
1068.768768768769,19.152557,29.5740871429
1069.91991991992,19.15506,13.9629192352
1071.071071071071,19.157553,14.4606695175
1072.2222222222222,19.16004,23.173822403
1073.3733733733734,19.162516,17.2093009949
1074.5245245245246,19.164986,14.5663156509
1075.6756756756756,19.167446,12.8375825882
1076.8268268268268,19.169899,12.2306022644
1077.977977977978,19.172344,22.7242984772
1079.129129129129,19.174782,32.1368026733
1080.2802802802803,19.177212,22.6107654572
1081.4314314314315,19.179634,14.3113431931
1082.5825825825823,19.182047,25.4042778015
1083.7337337337335,19.184454,15.6603984833
1084.884884884885,19.186852,24.8001785278
1086.036036036036,19.189241,22.7156715393
1087.1871871871872,19.191624,21.590845108
1088.3383383383384,19.193998,23.955821991
1089.4894894894894,19.196365,21.9864864349
1090.6406406406406,19.198727,31.182466507
1091.791791791792,19.201078,23.80169487
1092.9429429429429,19.203423,18.4612789154
1094.094094094094,19.205761,26.1094322205
1095.245245245245,19.20809,14.1282978058
1096.3963963963963,19.210411,31.6481933594
1097.5475475475475,19.212727,11.8690690994
1098.6986986986988,19.215033,19.4054832458
1099.84984984985,19.217333,23.7825832367
1101.001001001001,19.219625,20.2891044617
1102.1521521521522,19.221909,16.1184597015
1103.3033033033034,19.224188,26.8187580109
1104.4544544544544,19.226458,21.8364830017
1105.6056056056057,19.228718,31.1077518463
1106.7567567567569,19.230976,10.4181861877
1107.907907907908,19.233225,12.37266922
1109.059059059059,19.235468,15.1340932846
1110.2102102102103,19.2377,25.8816394806
1111.361361361361,19.23993,12.0963201523
1112.5125125125126,19.242147,15.3031148911
1113.6636636636638,19.244362,12.7340402603
1114.8148148148148,19.246567,21.0366172791
1115.965965965966,19.248766,14.8268823624
1117.1171171171172,19.250957,26.9737739563
1118.2682682682682,19.253143,11.6275844574
1119.4194194194197,19.255322,24.0000610352
1120.570570570571,19.257494,21.3911113739
1121.7217217217217,19.259657,24.3780002594
1122.872872872873,19.261814,18.7334823608
1124.024024024024,19.263966,26.2183151245
1125.1751751751751,19.266108,15.5568218231
1126.3263263263264,19.268246,21.3033847809
1127.4774774774776,19.270376,23.4477539062
1128.6286286286286,19.2725,18.1753406525
1129.7797797797798,19.274616,21.1379585266
1130.930930930931,19.276726,20.5155677795
1132.082082082082,19.27883,29.6330375671
1133.2332332332332,19.280926,24.6170482635
1134.3843843843845,19.283016,27.670249939
1135.5355355355357,19.2851,16.949224472
1136.6866866866867,19.287178,15.3749303818
1137.837837837838,19.289248,22.5453090668
1138.988988988989,19.291313,16.5593471527
1140.14014014014,19.29337,11.9471130371
1141.2912912912914,19.295422,19.9652767181
1142.4424424424424,19.297466,23.4628314972
1143.5935935935936,19.299503,28.2882213593
1144.7447447447448,19.301537,26.7955589294
1145.8958958958958,19.303562,10.4824714661
1147.047047047047,19.305582,22.701915741
1148.1981981981985,19.307594,13.9296798706
1149.3493493493495,19.3096,24.6284275055
1150.5005005005005,19.311604,29.3755664825
1151.6516516516515,19.313597,19.3430805206
1152.802802802803,19.315584,11.4672307968
1153.953953953954,19.317566,16.0757045746
1155.1051051051052,19.319544,31.504983902
1156.2562562562564,19.321514,13.827129364
1157.4074074074074,19.323475,13.4784517288
1158.5585585585586,19.325434,20.4235668182
1159.7097097097098,19.327385,12.5848608017
1160.8608608608608,19.32933,18.8467216492
1162.012012012012,19.33127,23.5083007812
1163.1631631631633,19.3332,23.3846092224
1164.3143143143143,19.335129,28.0840358734
1165.4654654654655,19.33705,16.1010093689
1166.6166166166167,19.338966,16.3399200439
1167.7677677677675,19.340878,18.2962360382
1168.918918918919,19.34278,11.967792511
1170.0700700700702,19.344677,11.6430101395
1171.2212212212212,19.34657,16.4305744171
1172.3723723723724,19.348455,29.4885196686
1173.5235235235236,19.350334,18.1604156494
1174.6746746746746,19.352211,12.230342865
1175.825825825826,19.354078,16.1459827423
1176.976976976977,19.355942,13.3091363907
1178.128128128128,19.357798,29.9776229858
1179.2792792792793,19.35965,12.7562913895
1180.4304304304303,19.361496,22.4734020233
1181.5815815815815,19.363337,12.4978733063
1182.7327327327328,19.365173,32.8410377502
1183.883883883884,19.366999,11.3811693192
1185.035035035035,19.368824,27.1541213989
1186.1861861861862,19.370642,15.631193161
1187.3373373373374,19.372454,27.7975673676
1188.4884884884884,19.374262,22.4693813324
1189.6396396396397,19.37606,25.1403636932
1190.7907907907909,19.377857,22.0920944214
1191.941941941942,19.379648,23.7685832977
1193.093093093093,19.381433,22.6083984375
1194.2442442442443,19.383213,19.2634601593
1195.395395395395,19.384987,23.1999568939
1196.5465465465466,19.386755,19.1382102966
1197.6976976976978,19.38852,21.5564422607
1198.8488488488488,19.390276,17.6164684296
1200.0,19.392029,11.3526926041
